Name,Year,value,won_last_yr,won_2_yrs_before
Joel Embiid,2023,1,0,0
Joel Embiid,2022,0,0,0
Joel Embiid,2021,0,0,0
Joel Embiid,2020,0,0,0
Joel Embiid,2019,0,0,0
Joel Embiid,2018,0,0,0
Joel Embiid,2017,0,0,0
Joel Embiid,2016,0,0,0
Joel Embiid,2015,0,0,0
Joel Embiid,2014,0,0,0
Joel Embiid,2013,0,0,0
Joel Embiid,2012,0,0,0
Joel Embiid,2011,0,0,0
Joel Embiid,2010,0,0,0
Joel Embiid,2009,0,0,0
Joel Embiid,2008,0,0,0
Joel Embiid,2007,0,0,0
Joel Embiid,2006,0,0,0
Joel Embiid,2005,0,0,0
Joel Embiid,2004,0,0,0
Joel Embiid,2003,0,0,0
Joel Embiid,2002,0,0,0
Joel Embiid,2001,0,0,0
Joel Embiid,2000,0,0,0
Joel Embiid,1999,0,0,0
Joel Embiid,1998,0,0,0
Joel Embiid,1997,0,0,0
Joel Embiid,1996,0,0,0
Joel Embiid,1995,0,0,0
Joel Embiid,1994,0,0,0
Joel Embiid,1993,0,0,0
Joel Embiid,1992,0,0,0
Joel Embiid,1991,0,0,0
Joel Embiid,1990,0,0,0
Joel Embiid,1989,0,0,0
Joel Embiid,1988,0,0,0
Joel Embiid,1987,0,0,0
Joel Embiid,1986,0,0,0
Joel Embiid,1985,0,0,0
Joel Embiid,1984,0,0,0
Joel Embiid,1983,0,0,0
Joel Embiid,1982,0,0,0
Joel Embiid,1981,0,0,0
Joel Embiid,1980,0,0,0
Joel Embiid,1979,0,0,0
Joel Embiid,1978,0,0,0
Joel Embiid,1977,0,0,0
Joel Embiid,1976,0,0,0
Joel Embiid,1975,0,0,0
Joel Embiid,1974,0,0,0
Joel Embiid,1973,0,0,0
Joel Embiid,1972,0,0,0
Joel Embiid,1971,0,0,0
Joel Embiid,1970,0,0,0
Joel Embiid,1969,0,0,0
Joel Embiid,1968,0,0,0
Joel Embiid,1967,0,0,0
Joel Embiid,1966,0,0,0
Joel Embiid,1965,0,0,0
Joel Embiid,1964,0,0,0
Joel Embiid,1963,0,0,0
Joel Embiid,1962,0,0,0
Joel Embiid,1961,0,0,0
Joel Embiid,1960,0,0,0
Joel Embiid,1959,0,0,0
Joel Embiid,1958,0,0,0
Joel Embiid,1957,0,0,0
Nikola Jokic,2023,2,1,1
Nikola Jokic,2022,2,1,0
Nikola Jokic,2021,1,0,0
Nikola Jokic,2020,0,0,0
Nikola Jokic,2019,0,0,0
Nikola Jokic,2018,0,0,0
Nikola Jokic,2017,0,0,0
Nikola Jokic,2016,0,0,0
Nikola Jokic,2015,0,0,0
Nikola Jokic,2014,0,0,0
Nikola Jokic,2013,0,0,0
Nikola Jokic,2012,0,0,0
Nikola Jokic,2011,0,0,0
Nikola Jokic,2010,0,0,0
Nikola Jokic,2009,0,0,0
Nikola Jokic,2008,0,0,0
Nikola Jokic,2007,0,0,0
Nikola Jokic,2006,0,0,0
Nikola Jokic,2005,0,0,0
Nikola Jokic,2004,0,0,0
Nikola Jokic,2003,0,0,0
Nikola Jokic,2002,0,0,0
Nikola Jokic,2001,0,0,0
Nikola Jokic,2000,0,0,0
Nikola Jokic,1999,0,0,0
Nikola Jokic,1998,0,0,0
Nikola Jokic,1997,0,0,0
Nikola Jokic,1996,0,0,0
Nikola Jokic,1995,0,0,0
Nikola Jokic,1994,0,0,0
Nikola Jokic,1993,0,0,0
Nikola Jokic,1992,0,0,0
Nikola Jokic,1991,0,0,0
Nikola Jokic,1990,0,0,0
Nikola Jokic,1989,0,0,0
Nikola Jokic,1988,0,0,0
Nikola Jokic,1987,0,0,0
Nikola Jokic,1986,0,0,0
Nikola Jokic,1985,0,0,0
Nikola Jokic,1984,0,0,0
Nikola Jokic,1983,0,0,0
Nikola Jokic,1982,0,0,0
Nikola Jokic,1981,0,0,0
Nikola Jokic,1980,0,0,0
Nikola Jokic,1979,0,0,0
Nikola Jokic,1978,0,0,0
Nikola Jokic,1977,0,0,0
Nikola Jokic,1976,0,0,0
Nikola Jokic,1975,0,0,0
Nikola Jokic,1974,0,0,0
Nikola Jokic,1973,0,0,0
Nikola Jokic,1972,0,0,0
Nikola Jokic,1971,0,0,0
Nikola Jokic,1970,0,0,0
Nikola Jokic,1969,0,0,0
Nikola Jokic,1968,0,0,0
Nikola Jokic,1967,0,0,0
Nikola Jokic,1966,0,0,0
Nikola Jokic,1965,0,0,0
Nikola Jokic,1964,0,0,0
Nikola Jokic,1963,0,0,0
Nikola Jokic,1962,0,0,0
Nikola Jokic,1961,0,0,0
Nikola Jokic,1960,0,0,0
Nikola Jokic,1959,0,0,0
Nikola Jokic,1958,0,0,0
Nikola Jokic,1957,0,0,0
Giannis Antetokounmpo,2023,2,0,0
Giannis Antetokounmpo,2022,2,0,1
Giannis Antetokounmpo,2021,2,1,1
Giannis Antetokounmpo,2020,2,1,0
Giannis Antetokounmpo,2019,1,0,0
Giannis Antetokounmpo,2018,0,0,0
Giannis Antetokounmpo,2017,0,0,0
Giannis Antetokounmpo,2016,0,0,0
Giannis Antetokounmpo,2015,0,0,0
Giannis Antetokounmpo,2014,0,0,0
Giannis Antetokounmpo,2013,0,0,0
Giannis Antetokounmpo,2012,0,0,0
Giannis Antetokounmpo,2011,0,0,0
Giannis Antetokounmpo,2010,0,0,0
Giannis Antetokounmpo,2009,0,0,0
Giannis Antetokounmpo,2008,0,0,0
Giannis Antetokounmpo,2007,0,0,0
Giannis Antetokounmpo,2006,0,0,0
Giannis Antetokounmpo,2005,0,0,0
Giannis Antetokounmpo,2004,0,0,0
Giannis Antetokounmpo,2003,0,0,0
Giannis Antetokounmpo,2002,0,0,0
Giannis Antetokounmpo,2001,0,0,0
Giannis Antetokounmpo,2000,0,0,0
Giannis Antetokounmpo,1999,0,0,0
Giannis Antetokounmpo,1998,0,0,0
Giannis Antetokounmpo,1997,0,0,0
Giannis Antetokounmpo,1996,0,0,0
Giannis Antetokounmpo,1995,0,0,0
Giannis Antetokounmpo,1994,0,0,0
Giannis Antetokounmpo,1993,0,0,0
Giannis Antetokounmpo,1992,0,0,0
Giannis Antetokounmpo,1991,0,0,0
Giannis Antetokounmpo,1990,0,0,0
Giannis Antetokounmpo,1989,0,0,0
Giannis Antetokounmpo,1988,0,0,0
Giannis Antetokounmpo,1987,0,0,0
Giannis Antetokounmpo,1986,0,0,0
Giannis Antetokounmpo,1985,0,0,0
Giannis Antetokounmpo,1984,0,0,0
Giannis Antetokounmpo,1983,0,0,0
Giannis Antetokounmpo,1982,0,0,0
Giannis Antetokounmpo,1981,0,0,0
Giannis Antetokounmpo,1980,0,0,0
Giannis Antetokounmpo,1979,0,0,0
Giannis Antetokounmpo,1978,0,0,0
Giannis Antetokounmpo,1977,0,0,0
Giannis Antetokounmpo,1976,0,0,0
Giannis Antetokounmpo,1975,0,0,0
Giannis Antetokounmpo,1974,0,0,0
Giannis Antetokounmpo,1973,0,0,0
Giannis Antetokounmpo,1972,0,0,0
Giannis Antetokounmpo,1971,0,0,0
Giannis Antetokounmpo,1970,0,0,0
Giannis Antetokounmpo,1969,0,0,0
Giannis Antetokounmpo,1968,0,0,0
Giannis Antetokounmpo,1967,0,0,0
Giannis Antetokounmpo,1966,0,0,0
Giannis Antetokounmpo,1965,0,0,0
Giannis Antetokounmpo,1964,0,0,0
Giannis Antetokounmpo,1963,0,0,0
Giannis Antetokounmpo,1962,0,0,0
Giannis Antetokounmpo,1961,0,0,0
Giannis Antetokounmpo,1960,0,0,0
Giannis Antetokounmpo,1959,0,0,0
Giannis Antetokounmpo,1958,0,0,0
Giannis Antetokounmpo,1957,0,0,0
James Harden,2023,1,0,0
James Harden,2022,1,0,0
James Harden,2021,1,0,0
James Harden,2020,1,0,1
James Harden,2019,1,1,0
James Harden,2018,1,0,0
James Harden,2017,0,0,0
James Harden,2016,0,0,0
James Harden,2015,0,0,0
James Harden,2014,0,0,0
James Harden,2013,0,0,0
James Harden,2012,0,0,0
James Harden,2011,0,0,0
James Harden,2010,0,0,0
James Harden,2009,0,0,0
James Harden,2008,0,0,0
James Harden,2007,0,0,0
James Harden,2006,0,0,0
James Harden,2005,0,0,0
James Harden,2004,0,0,0
James Harden,2003,0,0,0
James Harden,2002,0,0,0
James Harden,2001,0,0,0
James Harden,2000,0,0,0
James Harden,1999,0,0,0
James Harden,1998,0,0,0
James Harden,1997,0,0,0
James Harden,1996,0,0,0
James Harden,1995,0,0,0
James Harden,1994,0,0,0
James Harden,1993,0,0,0
James Harden,1992,0,0,0
James Harden,1991,0,0,0
James Harden,1990,0,0,0
James Harden,1989,0,0,0
James Harden,1988,0,0,0
James Harden,1987,0,0,0
James Harden,1986,0,0,0
James Harden,1985,0,0,0
James Harden,1984,0,0,0
James Harden,1983,0,0,0
James Harden,1982,0,0,0
James Harden,1981,0,0,0
James Harden,1980,0,0,0
James Harden,1979,0,0,0
James Harden,1978,0,0,0
James Harden,1977,0,0,0
James Harden,1976,0,0,0
James Harden,1975,0,0,0
James Harden,1974,0,0,0
James Harden,1973,0,0,0
James Harden,1972,0,0,0
James Harden,1971,0,0,0
James Harden,1970,0,0,0
James Harden,1969,0,0,0
James Harden,1968,0,0,0
James Harden,1967,0,0,0
James Harden,1966,0,0,0
James Harden,1965,0,0,0
James Harden,1964,0,0,0
James Harden,1963,0,0,0
James Harden,1962,0,0,0
James Harden,1961,0,0,0
James Harden,1960,0,0,0
James Harden,1959,0,0,0
James Harden,1958,0,0,0
James Harden,1957,0,0,0
Russell Westbrook,2023,1,0,0
Russell Westbrook,2022,1,0,0
Russell Westbrook,2021,1,0,0
Russell Westbrook,2020,1,0,0
Russell Westbrook,2019,1,0,1
Russell Westbrook,2018,1,1,0
Russell Westbrook,2017,1,0,0
Russell Westbrook,2016,0,0,0
Russell Westbrook,2015,0,0,0
Russell Westbrook,2014,0,0,0
Russell Westbrook,2013,0,0,0
Russell Westbrook,2012,0,0,0
Russell Westbrook,2011,0,0,0
Russell Westbrook,2010,0,0,0
Russell Westbrook,2009,0,0,0
Russell Westbrook,2008,0,0,0
Russell Westbrook,2007,0,0,0
Russell Westbrook,2006,0,0,0
Russell Westbrook,2005,0,0,0
Russell Westbrook,2004,0,0,0
Russell Westbrook,2003,0,0,0
Russell Westbrook,2002,0,0,0
Russell Westbrook,2001,0,0,0
Russell Westbrook,2000,0,0,0
Russell Westbrook,1999,0,0,0
Russell Westbrook,1998,0,0,0
Russell Westbrook,1997,0,0,0
Russell Westbrook,1996,0,0,0
Russell Westbrook,1995,0,0,0
Russell Westbrook,1994,0,0,0
Russell Westbrook,1993,0,0,0
Russell Westbrook,1992,0,0,0
Russell Westbrook,1991,0,0,0
Russell Westbrook,1990,0,0,0
Russell Westbrook,1989,0,0,0
Russell Westbrook,1988,0,0,0
Russell Westbrook,1987,0,0,0
Russell Westbrook,1986,0,0,0
Russell Westbrook,1985,0,0,0
Russell Westbrook,1984,0,0,0
Russell Westbrook,1983,0,0,0
Russell Westbrook,1982,0,0,0
Russell Westbrook,1981,0,0,0
Russell Westbrook,1980,0,0,0
Russell Westbrook,1979,0,0,0
Russell Westbrook,1978,0,0,0
Russell Westbrook,1977,0,0,0
Russell Westbrook,1976,0,0,0
Russell Westbrook,1975,0,0,0
Russell Westbrook,1974,0,0,0
Russell Westbrook,1973,0,0,0
Russell Westbrook,1972,0,0,0
Russell Westbrook,1971,0,0,0
Russell Westbrook,1970,0,0,0
Russell Westbrook,1969,0,0,0
Russell Westbrook,1968,0,0,0
Russell Westbrook,1967,0,0,0
Russell Westbrook,1966,0,0,0
Russell Westbrook,1965,0,0,0
Russell Westbrook,1964,0,0,0
Russell Westbrook,1963,0,0,0
Russell Westbrook,1962,0,0,0
Russell Westbrook,1961,0,0,0
Russell Westbrook,1960,0,0,0
Russell Westbrook,1959,0,0,0
Russell Westbrook,1958,0,0,0
Russell Westbrook,1957,0,0,0
Stephen Curry,2023,2,0,0
Stephen Curry,2022,2,0,0
Stephen Curry,2021,2,0,0
Stephen Curry,2020,2,0,0
Stephen Curry,2019,2,0,0
Stephen Curry,2018,2,0,1
Stephen Curry,2017,2,1,1
Stephen Curry,2016,2,1,0
Stephen Curry,2015,1,0,0
Stephen Curry,2014,0,0,0
Stephen Curry,2013,0,0,0
Stephen Curry,2012,0,0,0
Stephen Curry,2011,0,0,0
Stephen Curry,2010,0,0,0
Stephen Curry,2009,0,0,0
Stephen Curry,2008,0,0,0
Stephen Curry,2007,0,0,0
Stephen Curry,2006,0,0,0
Stephen Curry,2005,0,0,0
Stephen Curry,2004,0,0,0
Stephen Curry,2003,0,0,0
Stephen Curry,2002,0,0,0
Stephen Curry,2001,0,0,0
Stephen Curry,2000,0,0,0
Stephen Curry,1999,0,0,0
Stephen Curry,1998,0,0,0
Stephen Curry,1997,0,0,0
Stephen Curry,1996,0,0,0
Stephen Curry,1995,0,0,0
Stephen Curry,1994,0,0,0
Stephen Curry,1993,0,0,0
Stephen Curry,1992,0,0,0
Stephen Curry,1991,0,0,0
Stephen Curry,1990,0,0,0
Stephen Curry,1989,0,0,0
Stephen Curry,1988,0,0,0
Stephen Curry,1987,0,0,0
Stephen Curry,1986,0,0,0
Stephen Curry,1985,0,0,0
Stephen Curry,1984,0,0,0
Stephen Curry,1983,0,0,0
Stephen Curry,1982,0,0,0
Stephen Curry,1981,0,0,0
Stephen Curry,1980,0,0,0
Stephen Curry,1979,0,0,0
Stephen Curry,1978,0,0,0
Stephen Curry,1977,0,0,0
Stephen Curry,1976,0,0,0
Stephen Curry,1975,0,0,0
Stephen Curry,1974,0,0,0
Stephen Curry,1973,0,0,0
Stephen Curry,1972,0,0,0
Stephen Curry,1971,0,0,0
Stephen Curry,1970,0,0,0
Stephen Curry,1969,0,0,0
Stephen Curry,1968,0,0,0
Stephen Curry,1967,0,0,0
Stephen Curry,1966,0,0,0
Stephen Curry,1965,0,0,0
Stephen Curry,1964,0,0,0
Stephen Curry,1963,0,0,0
Stephen Curry,1962,0,0,0
Stephen Curry,1961,0,0,0
Stephen Curry,1960,0,0,0
Stephen Curry,1959,0,0,0
Stephen Curry,1958,0,0,0
Stephen Curry,1957,0,0,0
Kevin Durant,2023,1,0,0
Kevin Durant,2022,1,0,0
Kevin Durant,2021,1,0,0
Kevin Durant,2020,1,0,0
Kevin Durant,2019,1,0,0
Kevin Durant,2018,1,0,0
Kevin Durant,2017,1,0,0
Kevin Durant,2016,1,0,1
Kevin Durant,2015,1,1,0
Kevin Durant,2014,1,0,0
Kevin Durant,2013,0,0,0
Kevin Durant,2012,0,0,0
Kevin Durant,2011,0,0,0
Kevin Durant,2010,0,0,0
Kevin Durant,2009,0,0,0
Kevin Durant,2008,0,0,0
Kevin Durant,2007,0,0,0
Kevin Durant,2006,0,0,0
Kevin Durant,2005,0,0,0
Kevin Durant,2004,0,0,0
Kevin Durant,2003,0,0,0
Kevin Durant,2002,0,0,0
Kevin Durant,2001,0,0,0
Kevin Durant,2000,0,0,0
Kevin Durant,1999,0,0,0
Kevin Durant,1998,0,0,0
Kevin Durant,1997,0,0,0
Kevin Durant,1996,0,0,0
Kevin Durant,1995,0,0,0
Kevin Durant,1994,0,0,0
Kevin Durant,1993,0,0,0
Kevin Durant,1992,0,0,0
Kevin Durant,1991,0,0,0
Kevin Durant,1990,0,0,0
Kevin Durant,1989,0,0,0
Kevin Durant,1988,0,0,0
Kevin Durant,1987,0,0,0
Kevin Durant,1986,0,0,0
Kevin Durant,1985,0,0,0
Kevin Durant,1984,0,0,0
Kevin Durant,1983,0,0,0
Kevin Durant,1982,0,0,0
Kevin Durant,1981,0,0,0
Kevin Durant,1980,0,0,0
Kevin Durant,1979,0,0,0
Kevin Durant,1978,0,0,0
Kevin Durant,1977,0,0,0
Kevin Durant,1976,0,0,0
Kevin Durant,1975,0,0,0
Kevin Durant,1974,0,0,0
Kevin Durant,1973,0,0,0
Kevin Durant,1972,0,0,0
Kevin Durant,1971,0,0,0
Kevin Durant,1970,0,0,0
Kevin Durant,1969,0,0,0
Kevin Durant,1968,0,0,0
Kevin Durant,1967,0,0,0
Kevin Durant,1966,0,0,0
Kevin Durant,1965,0,0,0
Kevin Durant,1964,0,0,0
Kevin Durant,1963,0,0,0
Kevin Durant,1962,0,0,0
Kevin Durant,1961,0,0,0
Kevin Durant,1960,0,0,0
Kevin Durant,1959,0,0,0
Kevin Durant,1958,0,0,0
Kevin Durant,1957,0,0,0
LeBron James,2023,4,0,0
LeBron James,2022,4,0,0
LeBron James,2021,4,0,0
LeBron James,2020,4,0,0
LeBron James,2019,4,0,0
LeBron James,2018,4,0,0
LeBron James,2017,4,0,0
LeBron James,2016,4,0,0
LeBron James,2015,4,0,1
LeBron James,2014,4,1,1
LeBron James,2013,4,1,0
LeBron James,2012,3,0,1
LeBron James,2011,2,1,1
LeBron James,2010,2,1,0
LeBron James,2009,1,0,0
LeBron James,2008,0,0,0
LeBron James,2007,0,0,0
LeBron James,2006,0,0,0
LeBron James,2005,0,0,0
LeBron James,2004,0,0,0
LeBron James,2003,0,0,0
LeBron James,2002,0,0,0
LeBron James,2001,0,0,0
LeBron James,2000,0,0,0
LeBron James,1999,0,0,0
LeBron James,1998,0,0,0
LeBron James,1997,0,0,0
LeBron James,1996,0,0,0
LeBron James,1995,0,0,0
LeBron James,1994,0,0,0
LeBron James,1993,0,0,0
LeBron James,1992,0,0,0
LeBron James,1991,0,0,0
LeBron James,1990,0,0,0
LeBron James,1989,0,0,0
LeBron James,1988,0,0,0
LeBron James,1987,0,0,0
LeBron James,1986,0,0,0
LeBron James,1985,0,0,0
LeBron James,1984,0,0,0
LeBron James,1983,0,0,0
LeBron James,1982,0,0,0
LeBron James,1981,0,0,0
LeBron James,1980,0,0,0
LeBron James,1979,0,0,0
LeBron James,1978,0,0,0
LeBron James,1977,0,0,0
LeBron James,1976,0,0,0
LeBron James,1975,0,0,0
LeBron James,1974,0,0,0
LeBron James,1973,0,0,0
LeBron James,1972,0,0,0
LeBron James,1971,0,0,0
LeBron James,1970,0,0,0
LeBron James,1969,0,0,0
LeBron James,1968,0,0,0
LeBron James,1967,0,0,0
LeBron James,1966,0,0,0
LeBron James,1965,0,0,0
LeBron James,1964,0,0,0
LeBron James,1963,0,0,0
LeBron James,1962,0,0,0
LeBron James,1961,0,0,0
LeBron James,1960,0,0,0
LeBron James,1959,0,0,0
LeBron James,1958,0,0,0
LeBron James,1957,0,0,0
Derrick Rose,2023,1,0,0
Derrick Rose,2022,1,0,0
Derrick Rose,2021,1,0,0
Derrick Rose,2020,1,0,0
Derrick Rose,2019,1,0,0
Derrick Rose,2018,1,0,0
Derrick Rose,2017,1,0,0
Derrick Rose,2016,1,0,0
Derrick Rose,2015,1,0,0
Derrick Rose,2014,1,0,0
Derrick Rose,2013,1,0,1
Derrick Rose,2012,1,1,0
Derrick Rose,2011,1,0,0
Derrick Rose,2010,0,0,0
Derrick Rose,2009,0,0,0
Derrick Rose,2008,0,0,0
Derrick Rose,2007,0,0,0
Derrick Rose,2006,0,0,0
Derrick Rose,2005,0,0,0
Derrick Rose,2004,0,0,0
Derrick Rose,2003,0,0,0
Derrick Rose,2002,0,0,0
Derrick Rose,2001,0,0,0
Derrick Rose,2000,0,0,0
Derrick Rose,1999,0,0,0
Derrick Rose,1998,0,0,0
Derrick Rose,1997,0,0,0
Derrick Rose,1996,0,0,0
Derrick Rose,1995,0,0,0
Derrick Rose,1994,0,0,0
Derrick Rose,1993,0,0,0
Derrick Rose,1992,0,0,0
Derrick Rose,1991,0,0,0
Derrick Rose,1990,0,0,0
Derrick Rose,1989,0,0,0
Derrick Rose,1988,0,0,0
Derrick Rose,1987,0,0,0
Derrick Rose,1986,0,0,0
Derrick Rose,1985,0,0,0
Derrick Rose,1984,0,0,0
Derrick Rose,1983,0,0,0
Derrick Rose,1982,0,0,0
Derrick Rose,1981,0,0,0
Derrick Rose,1980,0,0,0
Derrick Rose,1979,0,0,0
Derrick Rose,1978,0,0,0
Derrick Rose,1977,0,0,0
Derrick Rose,1976,0,0,0
Derrick Rose,1975,0,0,0
Derrick Rose,1974,0,0,0
Derrick Rose,1973,0,0,0
Derrick Rose,1972,0,0,0
Derrick Rose,1971,0,0,0
Derrick Rose,1970,0,0,0
Derrick Rose,1969,0,0,0
Derrick Rose,1968,0,0,0
Derrick Rose,1967,0,0,0
Derrick Rose,1966,0,0,0
Derrick Rose,1965,0,0,0
Derrick Rose,1964,0,0,0
Derrick Rose,1963,0,0,0
Derrick Rose,1962,0,0,0
Derrick Rose,1961,0,0,0
Derrick Rose,1960,0,0,0
Derrick Rose,1959,0,0,0
Derrick Rose,1958,0,0,0
Derrick Rose,1957,0,0,0
Kobe Bryant,2023,1,0,0
Kobe Bryant,2022,1,0,0
Kobe Bryant,2021,1,0,0
Kobe Bryant,2020,1,0,0
Kobe Bryant,2019,1,0,0
Kobe Bryant,2018,1,0,0
Kobe Bryant,2017,1,0,0
Kobe Bryant,2016,1,0,0
Kobe Bryant,2015,1,0,0
Kobe Bryant,2014,1,0,0
Kobe Bryant,2013,1,0,0
Kobe Bryant,2012,1,0,0
Kobe Bryant,2011,1,0,0
Kobe Bryant,2010,1,0,1
Kobe Bryant,2009,1,1,0
Kobe Bryant,2008,1,0,0
Kobe Bryant,2007,0,0,0
Kobe Bryant,2006,0,0,0
Kobe Bryant,2005,0,0,0
Kobe Bryant,2004,0,0,0
Kobe Bryant,2003,0,0,0
Kobe Bryant,2002,0,0,0
Kobe Bryant,2001,0,0,0
Kobe Bryant,2000,0,0,0
Kobe Bryant,1999,0,0,0
Kobe Bryant,1998,0,0,0
Kobe Bryant,1997,0,0,0
Kobe Bryant,1996,0,0,0
Kobe Bryant,1995,0,0,0
Kobe Bryant,1994,0,0,0
Kobe Bryant,1993,0,0,0
Kobe Bryant,1992,0,0,0
Kobe Bryant,1991,0,0,0
Kobe Bryant,1990,0,0,0
Kobe Bryant,1989,0,0,0
Kobe Bryant,1988,0,0,0
Kobe Bryant,1987,0,0,0
Kobe Bryant,1986,0,0,0
Kobe Bryant,1985,0,0,0
Kobe Bryant,1984,0,0,0
Kobe Bryant,1983,0,0,0
Kobe Bryant,1982,0,0,0
Kobe Bryant,1981,0,0,0
Kobe Bryant,1980,0,0,0
Kobe Bryant,1979,0,0,0
Kobe Bryant,1978,0,0,0
Kobe Bryant,1977,0,0,0
Kobe Bryant,1976,0,0,0
Kobe Bryant,1975,0,0,0
Kobe Bryant,1974,0,0,0
Kobe Bryant,1973,0,0,0
Kobe Bryant,1972,0,0,0
Kobe Bryant,1971,0,0,0
Kobe Bryant,1970,0,0,0
Kobe Bryant,1969,0,0,0
Kobe Bryant,1968,0,0,0
Kobe Bryant,1967,0,0,0
Kobe Bryant,1966,0,0,0
Kobe Bryant,1965,0,0,0
Kobe Bryant,1964,0,0,0
Kobe Bryant,1963,0,0,0
Kobe Bryant,1962,0,0,0
Kobe Bryant,1961,0,0,0
Kobe Bryant,1960,0,0,0
Kobe Bryant,1959,0,0,0
Kobe Bryant,1958,0,0,0
Kobe Bryant,1957,0,0,0
Dirk Nowitzki,2023,1,0,0
Dirk Nowitzki,2022,1,0,0
Dirk Nowitzki,2021,1,0,0
Dirk Nowitzki,2020,1,0,0
Dirk Nowitzki,2019,1,0,0
Dirk Nowitzki,2018,1,0,0
Dirk Nowitzki,2017,1,0,0
Dirk Nowitzki,2016,1,0,0
Dirk Nowitzki,2015,1,0,0
Dirk Nowitzki,2014,1,0,0
Dirk Nowitzki,2013,1,0,0
Dirk Nowitzki,2012,1,0,0
Dirk Nowitzki,2011,1,0,0
Dirk Nowitzki,2010,1,0,0
Dirk Nowitzki,2009,1,0,1
Dirk Nowitzki,2008,1,1,0
Dirk Nowitzki,2007,1,0,0
Dirk Nowitzki,2006,0,0,0
Dirk Nowitzki,2005,0,0,0
Dirk Nowitzki,2004,0,0,0
Dirk Nowitzki,2003,0,0,0
Dirk Nowitzki,2002,0,0,0
Dirk Nowitzki,2001,0,0,0
Dirk Nowitzki,2000,0,0,0
Dirk Nowitzki,1999,0,0,0
Dirk Nowitzki,1998,0,0,0
Dirk Nowitzki,1997,0,0,0
Dirk Nowitzki,1996,0,0,0
Dirk Nowitzki,1995,0,0,0
Dirk Nowitzki,1994,0,0,0
Dirk Nowitzki,1993,0,0,0
Dirk Nowitzki,1992,0,0,0
Dirk Nowitzki,1991,0,0,0
Dirk Nowitzki,1990,0,0,0
Dirk Nowitzki,1989,0,0,0
Dirk Nowitzki,1988,0,0,0
Dirk Nowitzki,1987,0,0,0
Dirk Nowitzki,1986,0,0,0
Dirk Nowitzki,1985,0,0,0
Dirk Nowitzki,1984,0,0,0
Dirk Nowitzki,1983,0,0,0
Dirk Nowitzki,1982,0,0,0
Dirk Nowitzki,1981,0,0,0
Dirk Nowitzki,1980,0,0,0
Dirk Nowitzki,1979,0,0,0
Dirk Nowitzki,1978,0,0,0
Dirk Nowitzki,1977,0,0,0
Dirk Nowitzki,1976,0,0,0
Dirk Nowitzki,1975,0,0,0
Dirk Nowitzki,1974,0,0,0
Dirk Nowitzki,1973,0,0,0
Dirk Nowitzki,1972,0,0,0
Dirk Nowitzki,1971,0,0,0
Dirk Nowitzki,1970,0,0,0
Dirk Nowitzki,1969,0,0,0
Dirk Nowitzki,1968,0,0,0
Dirk Nowitzki,1967,0,0,0
Dirk Nowitzki,1966,0,0,0
Dirk Nowitzki,1965,0,0,0
Dirk Nowitzki,1964,0,0,0
Dirk Nowitzki,1963,0,0,0
Dirk Nowitzki,1962,0,0,0
Dirk Nowitzki,1961,0,0,0
Dirk Nowitzki,1960,0,0,0
Dirk Nowitzki,1959,0,0,0
Dirk Nowitzki,1958,0,0,0
Dirk Nowitzki,1957,0,0,0
Steve Nash,2023,2,0,0
Steve Nash,2022,2,0,0
Steve Nash,2021,2,0,0
Steve Nash,2020,2,0,0
Steve Nash,2019,2,0,0
Steve Nash,2018,2,0,0
Steve Nash,2017,2,0,0
Steve Nash,2016,2,0,0
Steve Nash,2015,2,0,0
Steve Nash,2014,2,0,0
Steve Nash,2013,2,0,0
Steve Nash,2012,2,0,0
Steve Nash,2011,2,0,0
Steve Nash,2010,2,0,0
Steve Nash,2009,2,0,0
Steve Nash,2008,2,0,1
Steve Nash,2007,2,1,1
Steve Nash,2006,2,1,0
Steve Nash,2005,1,0,0
Steve Nash,2004,0,0,0
Steve Nash,2003,0,0,0
Steve Nash,2002,0,0,0
Steve Nash,2001,0,0,0
Steve Nash,2000,0,0,0
Steve Nash,1999,0,0,0
Steve Nash,1998,0,0,0
Steve Nash,1997,0,0,0
Steve Nash,1996,0,0,0
Steve Nash,1995,0,0,0
Steve Nash,1994,0,0,0
Steve Nash,1993,0,0,0
Steve Nash,1992,0,0,0
Steve Nash,1991,0,0,0
Steve Nash,1990,0,0,0
Steve Nash,1989,0,0,0
Steve Nash,1988,0,0,0
Steve Nash,1987,0,0,0
Steve Nash,1986,0,0,0
Steve Nash,1985,0,0,0
Steve Nash,1984,0,0,0
Steve Nash,1983,0,0,0
Steve Nash,1982,0,0,0
Steve Nash,1981,0,0,0
Steve Nash,1980,0,0,0
Steve Nash,1979,0,0,0
Steve Nash,1978,0,0,0
Steve Nash,1977,0,0,0
Steve Nash,1976,0,0,0
Steve Nash,1975,0,0,0
Steve Nash,1974,0,0,0
Steve Nash,1973,0,0,0
Steve Nash,1972,0,0,0
Steve Nash,1971,0,0,0
Steve Nash,1970,0,0,0
Steve Nash,1969,0,0,0
Steve Nash,1968,0,0,0
Steve Nash,1967,0,0,0
Steve Nash,1966,0,0,0
Steve Nash,1965,0,0,0
Steve Nash,1964,0,0,0
Steve Nash,1963,0,0,0
Steve Nash,1962,0,0,0
Steve Nash,1961,0,0,0
Steve Nash,1960,0,0,0
Steve Nash,1959,0,0,0
Steve Nash,1958,0,0,0
Steve Nash,1957,0,0,0
Kevin Garnett,2023,1,0,0
Kevin Garnett,2022,1,0,0
Kevin Garnett,2021,1,0,0
Kevin Garnett,2020,1,0,0
Kevin Garnett,2019,1,0,0
Kevin Garnett,2018,1,0,0
Kevin Garnett,2017,1,0,0
Kevin Garnett,2016,1,0,0
Kevin Garnett,2015,1,0,0
Kevin Garnett,2014,1,0,0
Kevin Garnett,2013,1,0,0
Kevin Garnett,2012,1,0,0
Kevin Garnett,2011,1,0,0
Kevin Garnett,2010,1,0,0
Kevin Garnett,2009,1,0,0
Kevin Garnett,2008,1,0,0
Kevin Garnett,2007,1,0,0
Kevin Garnett,2006,1,0,1
Kevin Garnett,2005,1,1,0
Kevin Garnett,2004,1,0,0
Kevin Garnett,2003,0,0,0
Kevin Garnett,2002,0,0,0
Kevin Garnett,2001,0,0,0
Kevin Garnett,2000,0,0,0
Kevin Garnett,1999,0,0,0
Kevin Garnett,1998,0,0,0
Kevin Garnett,1997,0,0,0
Kevin Garnett,1996,0,0,0
Kevin Garnett,1995,0,0,0
Kevin Garnett,1994,0,0,0
Kevin Garnett,1993,0,0,0
Kevin Garnett,1992,0,0,0
Kevin Garnett,1991,0,0,0
Kevin Garnett,1990,0,0,0
Kevin Garnett,1989,0,0,0
Kevin Garnett,1988,0,0,0
Kevin Garnett,1987,0,0,0
Kevin Garnett,1986,0,0,0
Kevin Garnett,1985,0,0,0
Kevin Garnett,1984,0,0,0
Kevin Garnett,1983,0,0,0
Kevin Garnett,1982,0,0,0
Kevin Garnett,1981,0,0,0
Kevin Garnett,1980,0,0,0
Kevin Garnett,1979,0,0,0
Kevin Garnett,1978,0,0,0
Kevin Garnett,1977,0,0,0
Kevin Garnett,1976,0,0,0
Kevin Garnett,1975,0,0,0
Kevin Garnett,1974,0,0,0
Kevin Garnett,1973,0,0,0
Kevin Garnett,1972,0,0,0
Kevin Garnett,1971,0,0,0
Kevin Garnett,1970,0,0,0
Kevin Garnett,1969,0,0,0
Kevin Garnett,1968,0,0,0
Kevin Garnett,1967,0,0,0
Kevin Garnett,1966,0,0,0
Kevin Garnett,1965,0,0,0
Kevin Garnett,1964,0,0,0
Kevin Garnett,1963,0,0,0
Kevin Garnett,1962,0,0,0
Kevin Garnett,1961,0,0,0
Kevin Garnett,1960,0,0,0
Kevin Garnett,1959,0,0,0
Kevin Garnett,1958,0,0,0
Kevin Garnett,1957,0,0,0
Tim Duncan,2023,2,0,0
Tim Duncan,2022,2,0,0
Tim Duncan,2021,2,0,0
Tim Duncan,2020,2,0,0
Tim Duncan,2019,2,0,0
Tim Duncan,2018,2,0,0
Tim Duncan,2017,2,0,0
Tim Duncan,2016,2,0,0
Tim Duncan,2015,2,0,0
Tim Duncan,2014,2,0,0
Tim Duncan,2013,2,0,0
Tim Duncan,2012,2,0,0
Tim Duncan,2011,2,0,0
Tim Duncan,2010,2,0,0
Tim Duncan,2009,2,0,0
Tim Duncan,2008,2,0,0
Tim Duncan,2007,2,0,0
Tim Duncan,2006,2,0,0
Tim Duncan,2005,2,0,1
Tim Duncan,2004,2,1,1
Tim Duncan,2003,2,1,0
Tim Duncan,2002,1,0,0
Tim Duncan,2001,0,0,0
Tim Duncan,2000,0,0,0
Tim Duncan,1999,0,0,0
Tim Duncan,1998,0,0,0
Tim Duncan,1997,0,0,0
Tim Duncan,1996,0,0,0
Tim Duncan,1995,0,0,0
Tim Duncan,1994,0,0,0
Tim Duncan,1993,0,0,0
Tim Duncan,1992,0,0,0
Tim Duncan,1991,0,0,0
Tim Duncan,1990,0,0,0
Tim Duncan,1989,0,0,0
Tim Duncan,1988,0,0,0
Tim Duncan,1987,0,0,0
Tim Duncan,1986,0,0,0
Tim Duncan,1985,0,0,0
Tim Duncan,1984,0,0,0
Tim Duncan,1983,0,0,0
Tim Duncan,1982,0,0,0
Tim Duncan,1981,0,0,0
Tim Duncan,1980,0,0,0
Tim Duncan,1979,0,0,0
Tim Duncan,1978,0,0,0
Tim Duncan,1977,0,0,0
Tim Duncan,1976,0,0,0
Tim Duncan,1975,0,0,0
Tim Duncan,1974,0,0,0
Tim Duncan,1973,0,0,0
Tim Duncan,1972,0,0,0
Tim Duncan,1971,0,0,0
Tim Duncan,1970,0,0,0
Tim Duncan,1969,0,0,0
Tim Duncan,1968,0,0,0
Tim Duncan,1967,0,0,0
Tim Duncan,1966,0,0,0
Tim Duncan,1965,0,0,0
Tim Duncan,1964,0,0,0
Tim Duncan,1963,0,0,0
Tim Duncan,1962,0,0,0
Tim Duncan,1961,0,0,0
Tim Duncan,1960,0,0,0
Tim Duncan,1959,0,0,0
Tim Duncan,1958,0,0,0
Tim Duncan,1957,0,0,0
Allen Iverson,2023,1,0,0
Allen Iverson,2022,1,0,0
Allen Iverson,2021,1,0,0
Allen Iverson,2020,1,0,0
Allen Iverson,2019,1,0,0
Allen Iverson,2018,1,0,0
Allen Iverson,2017,1,0,0
Allen Iverson,2016,1,0,0
Allen Iverson,2015,1,0,0
Allen Iverson,2014,1,0,0
Allen Iverson,2013,1,0,0
Allen Iverson,2012,1,0,0
Allen Iverson,2011,1,0,0
Allen Iverson,2010,1,0,0
Allen Iverson,2009,1,0,0
Allen Iverson,2008,1,0,0
Allen Iverson,2007,1,0,0
Allen Iverson,2006,1,0,0
Allen Iverson,2005,1,0,0
Allen Iverson,2004,1,0,0
Allen Iverson,2003,1,0,1
Allen Iverson,2002,1,1,0
Allen Iverson,2001,1,0,0
Allen Iverson,2000,0,0,0
Allen Iverson,1999,0,0,0
Allen Iverson,1998,0,0,0
Allen Iverson,1997,0,0,0
Allen Iverson,1996,0,0,0
Allen Iverson,1995,0,0,0
Allen Iverson,1994,0,0,0
Allen Iverson,1993,0,0,0
Allen Iverson,1992,0,0,0
Allen Iverson,1991,0,0,0
Allen Iverson,1990,0,0,0
Allen Iverson,1989,0,0,0
Allen Iverson,1988,0,0,0
Allen Iverson,1987,0,0,0
Allen Iverson,1986,0,0,0
Allen Iverson,1985,0,0,0
Allen Iverson,1984,0,0,0
Allen Iverson,1983,0,0,0
Allen Iverson,1982,0,0,0
Allen Iverson,1981,0,0,0
Allen Iverson,1980,0,0,0
Allen Iverson,1979,0,0,0
Allen Iverson,1978,0,0,0
Allen Iverson,1977,0,0,0
Allen Iverson,1976,0,0,0
Allen Iverson,1975,0,0,0
Allen Iverson,1974,0,0,0
Allen Iverson,1973,0,0,0
Allen Iverson,1972,0,0,0
Allen Iverson,1971,0,0,0
Allen Iverson,1970,0,0,0
Allen Iverson,1969,0,0,0
Allen Iverson,1968,0,0,0
Allen Iverson,1967,0,0,0
Allen Iverson,1966,0,0,0
Allen Iverson,1965,0,0,0
Allen Iverson,1964,0,0,0
Allen Iverson,1963,0,0,0
Allen Iverson,1962,0,0,0
Allen Iverson,1961,0,0,0
Allen Iverson,1960,0,0,0
Allen Iverson,1959,0,0,0
Allen Iverson,1958,0,0,0
Allen Iverson,1957,0,0,0
Shaquille O'Neal,2023,1,0,0
Shaquille O'Neal,2022,1,0,0
Shaquille O'Neal,2021,1,0,0
Shaquille O'Neal,2020,1,0,0
Shaquille O'Neal,2019,1,0,0
Shaquille O'Neal,2018,1,0,0
Shaquille O'Neal,2017,1,0,0
Shaquille O'Neal,2016,1,0,0
Shaquille O'Neal,2015,1,0,0
Shaquille O'Neal,2014,1,0,0
Shaquille O'Neal,2013,1,0,0
Shaquille O'Neal,2012,1,0,0
Shaquille O'Neal,2011,1,0,0
Shaquille O'Neal,2010,1,0,0
Shaquille O'Neal,2009,1,0,0
Shaquille O'Neal,2008,1,0,0
Shaquille O'Neal,2007,1,0,0
Shaquille O'Neal,2006,1,0,0
Shaquille O'Neal,2005,1,0,0
Shaquille O'Neal,2004,1,0,0
Shaquille O'Neal,2003,1,0,0
Shaquille O'Neal,2002,1,0,1
Shaquille O'Neal,2001,1,1,0
Shaquille O'Neal,2000,1,0,0
Shaquille O'Neal,1999,0,0,0
Shaquille O'Neal,1998,0,0,0
Shaquille O'Neal,1997,0,0,0
Shaquille O'Neal,1996,0,0,0
Shaquille O'Neal,1995,0,0,0
Shaquille O'Neal,1994,0,0,0
Shaquille O'Neal,1993,0,0,0
Shaquille O'Neal,1992,0,0,0
Shaquille O'Neal,1991,0,0,0
Shaquille O'Neal,1990,0,0,0
Shaquille O'Neal,1989,0,0,0
Shaquille O'Neal,1988,0,0,0
Shaquille O'Neal,1987,0,0,0
Shaquille O'Neal,1986,0,0,0
Shaquille O'Neal,1985,0,0,0
Shaquille O'Neal,1984,0,0,0
Shaquille O'Neal,1983,0,0,0
Shaquille O'Neal,1982,0,0,0
Shaquille O'Neal,1981,0,0,0
Shaquille O'Neal,1980,0,0,0
Shaquille O'Neal,1979,0,0,0
Shaquille O'Neal,1978,0,0,0
Shaquille O'Neal,1977,0,0,0
Shaquille O'Neal,1976,0,0,0
Shaquille O'Neal,1975,0,0,0
Shaquille O'Neal,1974,0,0,0
Shaquille O'Neal,1973,0,0,0
Shaquille O'Neal,1972,0,0,0
Shaquille O'Neal,1971,0,0,0
Shaquille O'Neal,1970,0,0,0
Shaquille O'Neal,1969,0,0,0
Shaquille O'Neal,1968,0,0,0
Shaquille O'Neal,1967,0,0,0
Shaquille O'Neal,1966,0,0,0
Shaquille O'Neal,1965,0,0,0
Shaquille O'Neal,1964,0,0,0
Shaquille O'Neal,1963,0,0,0
Shaquille O'Neal,1962,0,0,0
Shaquille O'Neal,1961,0,0,0
Shaquille O'Neal,1960,0,0,0
Shaquille O'Neal,1959,0,0,0
Shaquille O'Neal,1958,0,0,0
Shaquille O'Neal,1957,0,0,0
Karl Malone,2023,2,0,0
Karl Malone,2022,2,0,0
Karl Malone,2021,2,0,0
Karl Malone,2020,2,0,0
Karl Malone,2019,2,0,0
Karl Malone,2018,2,0,0
Karl Malone,2017,2,0,0
Karl Malone,2016,2,0,0
Karl Malone,2015,2,0,0
Karl Malone,2014,2,0,0
Karl Malone,2013,2,0,0
Karl Malone,2012,2,0,0
Karl Malone,2011,2,0,0
Karl Malone,2010,2,0,0
Karl Malone,2009,2,0,0
Karl Malone,2008,2,0,0
Karl Malone,2007,2,0,0
Karl Malone,2006,2,0,0
Karl Malone,2005,2,0,0
Karl Malone,2004,2,0,0
Karl Malone,2003,2,0,0
Karl Malone,2002,2,0,0
Karl Malone,2001,2,0,1
Karl Malone,2000,2,1,0
Karl Malone,1999,2,0,1
Karl Malone,1998,1,1,0
Karl Malone,1997,1,0,0
Karl Malone,1996,0,0,0
Karl Malone,1995,0,0,0
Karl Malone,1994,0,0,0
Karl Malone,1993,0,0,0
Karl Malone,1992,0,0,0
Karl Malone,1991,0,0,0
Karl Malone,1990,0,0,0
Karl Malone,1989,0,0,0
Karl Malone,1988,0,0,0
Karl Malone,1987,0,0,0
Karl Malone,1986,0,0,0
Karl Malone,1985,0,0,0
Karl Malone,1984,0,0,0
Karl Malone,1983,0,0,0
Karl Malone,1982,0,0,0
Karl Malone,1981,0,0,0
Karl Malone,1980,0,0,0
Karl Malone,1979,0,0,0
Karl Malone,1978,0,0,0
Karl Malone,1977,0,0,0
Karl Malone,1976,0,0,0
Karl Malone,1975,0,0,0
Karl Malone,1974,0,0,0
Karl Malone,1973,0,0,0
Karl Malone,1972,0,0,0
Karl Malone,1971,0,0,0
Karl Malone,1970,0,0,0
Karl Malone,1969,0,0,0
Karl Malone,1968,0,0,0
Karl Malone,1967,0,0,0
Karl Malone,1966,0,0,0
Karl Malone,1965,0,0,0
Karl Malone,1964,0,0,0
Karl Malone,1963,0,0,0
Karl Malone,1962,0,0,0
Karl Malone,1961,0,0,0
Karl Malone,1960,0,0,0
Karl Malone,1959,0,0,0
Karl Malone,1958,0,0,0
Karl Malone,1957,0,0,0
Michael Jordan,2023,5,0,0
Michael Jordan,2022,5,0,0
Michael Jordan,2021,5,0,0
Michael Jordan,2020,5,0,0
Michael Jordan,2019,5,0,0
Michael Jordan,2018,5,0,0
Michael Jordan,2017,5,0,0
Michael Jordan,2016,5,0,0
Michael Jordan,2015,5,0,0
Michael Jordan,2014,5,0,0
Michael Jordan,2013,5,0,0
Michael Jordan,2012,5,0,0
Michael Jordan,2011,5,0,0
Michael Jordan,2010,5,0,0
Michael Jordan,2009,5,0,0
Michael Jordan,2008,5,0,0
Michael Jordan,2007,5,0,0
Michael Jordan,2006,5,0,0
Michael Jordan,2005,5,0,0
Michael Jordan,2004,5,0,0
Michael Jordan,2003,5,0,0
Michael Jordan,2002,5,0,0
Michael Jordan,2001,5,0,0
Michael Jordan,2000,5,0,1
Michael Jordan,1999,5,1,0
Michael Jordan,1998,5,0,1
Michael Jordan,1997,4,1,0
Michael Jordan,1996,4,0,0
Michael Jordan,1995,3,0,0
Michael Jordan,1994,3,0,1
Michael Jordan,1993,3,1,1
Michael Jordan,1992,3,1,0
Michael Jordan,1991,2,0,0
Michael Jordan,1990,1,0,1
Michael Jordan,1989,1,1,0
Michael Jordan,1988,1,0,0
Michael Jordan,1987,0,0,0
Michael Jordan,1986,0,0,0
Michael Jordan,1985,0,0,0
Michael Jordan,1984,0,0,0
Michael Jordan,1983,0,0,0
Michael Jordan,1982,0,0,0
Michael Jordan,1981,0,0,0
Michael Jordan,1980,0,0,0
Michael Jordan,1979,0,0,0
Michael Jordan,1978,0,0,0
Michael Jordan,1977,0,0,0
Michael Jordan,1976,0,0,0
Michael Jordan,1975,0,0,0
Michael Jordan,1974,0,0,0
Michael Jordan,1973,0,0,0
Michael Jordan,1972,0,0,0
Michael Jordan,1971,0,0,0
Michael Jordan,1970,0,0,0
Michael Jordan,1969,0,0,0
Michael Jordan,1968,0,0,0
Michael Jordan,1967,0,0,0
Michael Jordan,1966,0,0,0
Michael Jordan,1965,0,0,0
Michael Jordan,1964,0,0,0
Michael Jordan,1963,0,0,0
Michael Jordan,1962,0,0,0
Michael Jordan,1961,0,0,0
Michael Jordan,1960,0,0,0
Michael Jordan,1959,0,0,0
Michael Jordan,1958,0,0,0
Michael Jordan,1957,0,0,0
David Robinson,2023,1,0,0
David Robinson,2022,1,0,0
David Robinson,2021,1,0,0
David Robinson,2020,1,0,0
David Robinson,2019,1,0,0
David Robinson,2018,1,0,0
David Robinson,2017,1,0,0
David Robinson,2016,1,0,0
David Robinson,2015,1,0,0
David Robinson,2014,1,0,0
David Robinson,2013,1,0,0
David Robinson,2012,1,0,0
David Robinson,2011,1,0,0
David Robinson,2010,1,0,0
David Robinson,2009,1,0,0
David Robinson,2008,1,0,0
David Robinson,2007,1,0,0
David Robinson,2006,1,0,0
David Robinson,2005,1,0,0
David Robinson,2004,1,0,0
David Robinson,2003,1,0,0
David Robinson,2002,1,0,0
David Robinson,2001,1,0,0
David Robinson,2000,1,0,0
David Robinson,1999,1,0,0
David Robinson,1998,1,0,0
David Robinson,1997,1,0,1
David Robinson,1996,1,1,0
David Robinson,1995,1,0,0
David Robinson,1994,0,0,0
David Robinson,1993,0,0,0
David Robinson,1992,0,0,0
David Robinson,1991,0,0,0
David Robinson,1990,0,0,0
David Robinson,1989,0,0,0
David Robinson,1988,0,0,0
David Robinson,1987,0,0,0
David Robinson,1986,0,0,0
David Robinson,1985,0,0,0
David Robinson,1984,0,0,0
David Robinson,1983,0,0,0
David Robinson,1982,0,0,0
David Robinson,1981,0,0,0
David Robinson,1980,0,0,0
David Robinson,1979,0,0,0
David Robinson,1978,0,0,0
David Robinson,1977,0,0,0
David Robinson,1976,0,0,0
David Robinson,1975,0,0,0
David Robinson,1974,0,0,0
David Robinson,1973,0,0,0
David Robinson,1972,0,0,0
David Robinson,1971,0,0,0
David Robinson,1970,0,0,0
David Robinson,1969,0,0,0
David Robinson,1968,0,0,0
David Robinson,1967,0,0,0
David Robinson,1966,0,0,0
David Robinson,1965,0,0,0
David Robinson,1964,0,0,0
David Robinson,1963,0,0,0
David Robinson,1962,0,0,0
David Robinson,1961,0,0,0
David Robinson,1960,0,0,0
David Robinson,1959,0,0,0
David Robinson,1958,0,0,0
David Robinson,1957,0,0,0
Hakeem Olajuwon,2023,1,0,0
Hakeem Olajuwon,2022,1,0,0
Hakeem Olajuwon,2021,1,0,0
Hakeem Olajuwon,2020,1,0,0
Hakeem Olajuwon,2019,1,0,0
Hakeem Olajuwon,2018,1,0,0
Hakeem Olajuwon,2017,1,0,0
Hakeem Olajuwon,2016,1,0,0
Hakeem Olajuwon,2015,1,0,0
Hakeem Olajuwon,2014,1,0,0
Hakeem Olajuwon,2013,1,0,0
Hakeem Olajuwon,2012,1,0,0
Hakeem Olajuwon,2011,1,0,0
Hakeem Olajuwon,2010,1,0,0
Hakeem Olajuwon,2009,1,0,0
Hakeem Olajuwon,2008,1,0,0
Hakeem Olajuwon,2007,1,0,0
Hakeem Olajuwon,2006,1,0,0
Hakeem Olajuwon,2005,1,0,0
Hakeem Olajuwon,2004,1,0,0
Hakeem Olajuwon,2003,1,0,0
Hakeem Olajuwon,2002,1,0,0
Hakeem Olajuwon,2001,1,0,0
Hakeem Olajuwon,2000,1,0,0
Hakeem Olajuwon,1999,1,0,0
Hakeem Olajuwon,1998,1,0,0
Hakeem Olajuwon,1997,1,0,0
Hakeem Olajuwon,1996,1,0,1
Hakeem Olajuwon,1995,1,1,0
Hakeem Olajuwon,1994,1,0,0
Hakeem Olajuwon,1993,0,0,0
Hakeem Olajuwon,1992,0,0,0
Hakeem Olajuwon,1991,0,0,0
Hakeem Olajuwon,1990,0,0,0
Hakeem Olajuwon,1989,0,0,0
Hakeem Olajuwon,1988,0,0,0
Hakeem Olajuwon,1987,0,0,0
Hakeem Olajuwon,1986,0,0,0
Hakeem Olajuwon,1985,0,0,0
Hakeem Olajuwon,1984,0,0,0
Hakeem Olajuwon,1983,0,0,0
Hakeem Olajuwon,1982,0,0,0
Hakeem Olajuwon,1981,0,0,0
Hakeem Olajuwon,1980,0,0,0
Hakeem Olajuwon,1979,0,0,0
Hakeem Olajuwon,1978,0,0,0
Hakeem Olajuwon,1977,0,0,0
Hakeem Olajuwon,1976,0,0,0
Hakeem Olajuwon,1975,0,0,0
Hakeem Olajuwon,1974,0,0,0
Hakeem Olajuwon,1973,0,0,0
Hakeem Olajuwon,1972,0,0,0
Hakeem Olajuwon,1971,0,0,0
Hakeem Olajuwon,1970,0,0,0
Hakeem Olajuwon,1969,0,0,0
Hakeem Olajuwon,1968,0,0,0
Hakeem Olajuwon,1967,0,0,0
Hakeem Olajuwon,1966,0,0,0
Hakeem Olajuwon,1965,0,0,0
Hakeem Olajuwon,1964,0,0,0
Hakeem Olajuwon,1963,0,0,0
Hakeem Olajuwon,1962,0,0,0
Hakeem Olajuwon,1961,0,0,0
Hakeem Olajuwon,1960,0,0,0
Hakeem Olajuwon,1959,0,0,0
Hakeem Olajuwon,1958,0,0,0
Hakeem Olajuwon,1957,0,0,0
Charles Barkley,2023,1,0,0
Charles Barkley,2022,1,0,0
Charles Barkley,2021,1,0,0
Charles Barkley,2020,1,0,0
Charles Barkley,2019,1,0,0
Charles Barkley,2018,1,0,0
Charles Barkley,2017,1,0,0
Charles Barkley,2016,1,0,0
Charles Barkley,2015,1,0,0
Charles Barkley,2014,1,0,0
Charles Barkley,2013,1,0,0
Charles Barkley,2012,1,0,0
Charles Barkley,2011,1,0,0
Charles Barkley,2010,1,0,0
Charles Barkley,2009,1,0,0
Charles Barkley,2008,1,0,0
Charles Barkley,2007,1,0,0
Charles Barkley,2006,1,0,0
Charles Barkley,2005,1,0,0
Charles Barkley,2004,1,0,0
Charles Barkley,2003,1,0,0
Charles Barkley,2002,1,0,0
Charles Barkley,2001,1,0,0
Charles Barkley,2000,1,0,0
Charles Barkley,1999,1,0,0
Charles Barkley,1998,1,0,0
Charles Barkley,1997,1,0,0
Charles Barkley,1996,1,0,0
Charles Barkley,1995,1,0,1
Charles Barkley,1994,1,1,0
Charles Barkley,1993,1,0,0
Charles Barkley,1992,0,0,0
Charles Barkley,1991,0,0,0
Charles Barkley,1990,0,0,0
Charles Barkley,1989,0,0,0
Charles Barkley,1988,0,0,0
Charles Barkley,1987,0,0,0
Charles Barkley,1986,0,0,0
Charles Barkley,1985,0,0,0
Charles Barkley,1984,0,0,0
Charles Barkley,1983,0,0,0
Charles Barkley,1982,0,0,0
Charles Barkley,1981,0,0,0
Charles Barkley,1980,0,0,0
Charles Barkley,1979,0,0,0
Charles Barkley,1978,0,0,0
Charles Barkley,1977,0,0,0
Charles Barkley,1976,0,0,0
Charles Barkley,1975,0,0,0
Charles Barkley,1974,0,0,0
Charles Barkley,1973,0,0,0
Charles Barkley,1972,0,0,0
Charles Barkley,1971,0,0,0
Charles Barkley,1970,0,0,0
Charles Barkley,1969,0,0,0
Charles Barkley,1968,0,0,0
Charles Barkley,1967,0,0,0
Charles Barkley,1966,0,0,0
Charles Barkley,1965,0,0,0
Charles Barkley,1964,0,0,0
Charles Barkley,1963,0,0,0
Charles Barkley,1962,0,0,0
Charles Barkley,1961,0,0,0
Charles Barkley,1960,0,0,0
Charles Barkley,1959,0,0,0
Charles Barkley,1958,0,0,0
Charles Barkley,1957,0,0,0
Magic Johnson,2023,3,0,0
Magic Johnson,2022,3,0,0
Magic Johnson,2021,3,0,0
Magic Johnson,2020,3,0,0
Magic Johnson,2019,3,0,0
Magic Johnson,2018,3,0,0
Magic Johnson,2017,3,0,0
Magic Johnson,2016,3,0,0
Magic Johnson,2015,3,0,0
Magic Johnson,2014,3,0,0
Magic Johnson,2013,3,0,0
Magic Johnson,2012,3,0,0
Magic Johnson,2011,3,0,0
Magic Johnson,2010,3,0,0
Magic Johnson,2009,3,0,0
Magic Johnson,2008,3,0,0
Magic Johnson,2007,3,0,0
Magic Johnson,2006,3,0,0
Magic Johnson,2005,3,0,0
Magic Johnson,2004,3,0,0
Magic Johnson,2003,3,0,0
Magic Johnson,2002,3,0,0
Magic Johnson,2001,3,0,0
Magic Johnson,2000,3,0,0
Magic Johnson,1999,3,0,0
Magic Johnson,1998,3,0,0
Magic Johnson,1997,3,0,0
Magic Johnson,1996,3,0,0
Magic Johnson,1995,3,0,0
Magic Johnson,1994,3,0,0
Magic Johnson,1993,3,0,0
Magic Johnson,1992,3,0,1
Magic Johnson,1991,3,1,1
Magic Johnson,1990,3,1,0
Magic Johnson,1989,2,0,1
Magic Johnson,1988,1,1,0
Magic Johnson,1987,1,0,0
Magic Johnson,1986,0,0,0
Magic Johnson,1985,0,0,0
Magic Johnson,1984,0,0,0
Magic Johnson,1983,0,0,0
Magic Johnson,1982,0,0,0
Magic Johnson,1981,0,0,0
Magic Johnson,1980,0,0,0
Magic Johnson,1979,0,0,0
Magic Johnson,1978,0,0,0
Magic Johnson,1977,0,0,0
Magic Johnson,1976,0,0,0
Magic Johnson,1975,0,0,0
Magic Johnson,1974,0,0,0
Magic Johnson,1973,0,0,0
Magic Johnson,1972,0,0,0
Magic Johnson,1971,0,0,0
Magic Johnson,1970,0,0,0
Magic Johnson,1969,0,0,0
Magic Johnson,1968,0,0,0
Magic Johnson,1967,0,0,0
Magic Johnson,1966,0,0,0
Magic Johnson,1965,0,0,0
Magic Johnson,1964,0,0,0
Magic Johnson,1963,0,0,0
Magic Johnson,1962,0,0,0
Magic Johnson,1961,0,0,0
Magic Johnson,1960,0,0,0
Magic Johnson,1959,0,0,0
Magic Johnson,1958,0,0,0
Magic Johnson,1957,0,0,0
Larry Bird,2023,3,0,0
Larry Bird,2022,3,0,0
Larry Bird,2021,3,0,0
Larry Bird,2020,3,0,0
Larry Bird,2019,3,0,0
Larry Bird,2018,3,0,0
Larry Bird,2017,3,0,0
Larry Bird,2016,3,0,0
Larry Bird,2015,3,0,0
Larry Bird,2014,3,0,0
Larry Bird,2013,3,0,0
Larry Bird,2012,3,0,0
Larry Bird,2011,3,0,0
Larry Bird,2010,3,0,0
Larry Bird,2009,3,0,0
Larry Bird,2008,3,0,0
Larry Bird,2007,3,0,0
Larry Bird,2006,3,0,0
Larry Bird,2005,3,0,0
Larry Bird,2004,3,0,0
Larry Bird,2003,3,0,0
Larry Bird,2002,3,0,0
Larry Bird,2001,3,0,0
Larry Bird,2000,3,0,0
Larry Bird,1999,3,0,0
Larry Bird,1998,3,0,0
Larry Bird,1997,3,0,0
Larry Bird,1996,3,0,0
Larry Bird,1995,3,0,0
Larry Bird,1994,3,0,0
Larry Bird,1993,3,0,0
Larry Bird,1992,3,0,0
Larry Bird,1991,3,0,0
Larry Bird,1990,3,0,0
Larry Bird,1989,3,0,0
Larry Bird,1988,3,0,1
Larry Bird,1987,3,1,1
Larry Bird,1986,3,1,1
Larry Bird,1985,2,1,0
Larry Bird,1984,1,0,0
Larry Bird,1983,0,0,0
Larry Bird,1982,0,0,0
Larry Bird,1981,0,0,0
Larry Bird,1980,0,0,0
Larry Bird,1979,0,0,0
Larry Bird,1978,0,0,0
Larry Bird,1977,0,0,0
Larry Bird,1976,0,0,0
Larry Bird,1975,0,0,0
Larry Bird,1974,0,0,0
Larry Bird,1973,0,0,0
Larry Bird,1972,0,0,0
Larry Bird,1971,0,0,0
Larry Bird,1970,0,0,0
Larry Bird,1969,0,0,0
Larry Bird,1968,0,0,0
Larry Bird,1967,0,0,0
Larry Bird,1966,0,0,0
Larry Bird,1965,0,0,0
Larry Bird,1964,0,0,0
Larry Bird,1963,0,0,0
Larry Bird,1962,0,0,0
Larry Bird,1961,0,0,0
Larry Bird,1960,0,0,0
Larry Bird,1959,0,0,0
Larry Bird,1958,0,0,0
Larry Bird,1957,0,0,0
Moses Malone,2023,3,0,0
Moses Malone,2022,3,0,0
Moses Malone,2021,3,0,0
Moses Malone,2020,3,0,0
Moses Malone,2019,3,0,0
Moses Malone,2018,3,0,0
Moses Malone,2017,3,0,0
Moses Malone,2016,3,0,0
Moses Malone,2015,3,0,0
Moses Malone,2014,3,0,0
Moses Malone,2013,3,0,0
Moses Malone,2012,3,0,0
Moses Malone,2011,3,0,0
Moses Malone,2010,3,0,0
Moses Malone,2009,3,0,0
Moses Malone,2008,3,0,0
Moses Malone,2007,3,0,0
Moses Malone,2006,3,0,0
Moses Malone,2005,3,0,0
Moses Malone,2004,3,0,0
Moses Malone,2003,3,0,0
Moses Malone,2002,3,0,0
Moses Malone,2001,3,0,0
Moses Malone,2000,3,0,0
Moses Malone,1999,3,0,0
Moses Malone,1998,3,0,0
Moses Malone,1997,3,0,0
Moses Malone,1996,3,0,0
Moses Malone,1995,3,0,0
Moses Malone,1994,3,0,0
Moses Malone,1993,3,0,0
Moses Malone,1992,3,0,0
Moses Malone,1991,3,0,0
Moses Malone,1990,3,0,0
Moses Malone,1989,3,0,0
Moses Malone,1988,3,0,0
Moses Malone,1987,3,0,0
Moses Malone,1986,3,0,0
Moses Malone,1985,3,0,1
Moses Malone,1984,3,1,1
Moses Malone,1983,3,1,0
Moses Malone,1982,2,0,0
Moses Malone,1981,1,0,1
Moses Malone,1980,1,1,0
Moses Malone,1979,1,0,0
Moses Malone,1978,0,0,0
Moses Malone,1977,0,0,0
Moses Malone,1976,0,0,0
Moses Malone,1975,0,0,0
Moses Malone,1974,0,0,0
Moses Malone,1973,0,0,0
Moses Malone,1972,0,0,0
Moses Malone,1971,0,0,0
Moses Malone,1970,0,0,0
Moses Malone,1969,0,0,0
Moses Malone,1968,0,0,0
Moses Malone,1967,0,0,0
Moses Malone,1966,0,0,0
Moses Malone,1965,0,0,0
Moses Malone,1964,0,0,0
Moses Malone,1963,0,0,0
Moses Malone,1962,0,0,0
Moses Malone,1961,0,0,0
Moses Malone,1960,0,0,0
Moses Malone,1959,0,0,0
Moses Malone,1958,0,0,0
Moses Malone,1957,0,0,0
Julius Erving,2023,1,0,0
Julius Erving,2022,1,0,0
Julius Erving,2021,1,0,0
Julius Erving,2020,1,0,0
Julius Erving,2019,1,0,0
Julius Erving,2018,1,0,0
Julius Erving,2017,1,0,0
Julius Erving,2016,1,0,0
Julius Erving,2015,1,0,0
Julius Erving,2014,1,0,0
Julius Erving,2013,1,0,0
Julius Erving,2012,1,0,0
Julius Erving,2011,1,0,0
Julius Erving,2010,1,0,0
Julius Erving,2009,1,0,0
Julius Erving,2008,1,0,0
Julius Erving,2007,1,0,0
Julius Erving,2006,1,0,0
Julius Erving,2005,1,0,0
Julius Erving,2004,1,0,0
Julius Erving,2003,1,0,0
Julius Erving,2002,1,0,0
Julius Erving,2001,1,0,0
Julius Erving,2000,1,0,0
Julius Erving,1999,1,0,0
Julius Erving,1998,1,0,0
Julius Erving,1997,1,0,0
Julius Erving,1996,1,0,0
Julius Erving,1995,1,0,0
Julius Erving,1994,1,0,0
Julius Erving,1993,1,0,0
Julius Erving,1992,1,0,0
Julius Erving,1991,1,0,0
Julius Erving,1990,1,0,0
Julius Erving,1989,1,0,0
Julius Erving,1988,1,0,0
Julius Erving,1987,1,0,0
Julius Erving,1986,1,0,0
Julius Erving,1985,1,0,0
Julius Erving,1984,1,0,0
Julius Erving,1983,1,0,1
Julius Erving,1982,1,1,0
Julius Erving,1981,1,0,0
Julius Erving,1980,0,0,0
Julius Erving,1979,0,0,0
Julius Erving,1978,0,0,0
Julius Erving,1977,0,0,0
Julius Erving,1976,0,0,0
Julius Erving,1975,0,0,0
Julius Erving,1974,0,0,0
Julius Erving,1973,0,0,0
Julius Erving,1972,0,0,0
Julius Erving,1971,0,0,0
Julius Erving,1970,0,0,0
Julius Erving,1969,0,0,0
Julius Erving,1968,0,0,0
Julius Erving,1967,0,0,0
Julius Erving,1966,0,0,0
Julius Erving,1965,0,0,0
Julius Erving,1964,0,0,0
Julius Erving,1963,0,0,0
Julius Erving,1962,0,0,0
Julius Erving,1961,0,0,0
Julius Erving,1960,0,0,0
Julius Erving,1959,0,0,0
Julius Erving,1958,0,0,0
Julius Erving,1957,0,0,0
Kareem Abdul-Jabbar,2023,6,0,0
Kareem Abdul-Jabbar,2022,6,0,0
Kareem Abdul-Jabbar,2021,6,0,0
Kareem Abdul-Jabbar,2020,6,0,0
Kareem Abdul-Jabbar,2019,6,0,0
Kareem Abdul-Jabbar,2018,6,0,0
Kareem Abdul-Jabbar,2017,6,0,0
Kareem Abdul-Jabbar,2016,6,0,0
Kareem Abdul-Jabbar,2015,6,0,0
Kareem Abdul-Jabbar,2014,6,0,0
Kareem Abdul-Jabbar,2013,6,0,0
Kareem Abdul-Jabbar,2012,6,0,0
Kareem Abdul-Jabbar,2011,6,0,0
Kareem Abdul-Jabbar,2010,6,0,0
Kareem Abdul-Jabbar,2009,6,0,0
Kareem Abdul-Jabbar,2008,6,0,0
Kareem Abdul-Jabbar,2007,6,0,0
Kareem Abdul-Jabbar,2006,6,0,0
Kareem Abdul-Jabbar,2005,6,0,0
Kareem Abdul-Jabbar,2004,6,0,0
Kareem Abdul-Jabbar,2003,6,0,0
Kareem Abdul-Jabbar,2002,6,0,0
Kareem Abdul-Jabbar,2001,6,0,0
Kareem Abdul-Jabbar,2000,6,0,0
Kareem Abdul-Jabbar,1999,6,0,0
Kareem Abdul-Jabbar,1998,6,0,0
Kareem Abdul-Jabbar,1997,6,0,0
Kareem Abdul-Jabbar,1996,6,0,0
Kareem Abdul-Jabbar,1995,6,0,0
Kareem Abdul-Jabbar,1994,6,0,0
Kareem Abdul-Jabbar,1993,6,0,0
Kareem Abdul-Jabbar,1992,6,0,0
Kareem Abdul-Jabbar,1991,6,0,0
Kareem Abdul-Jabbar,1990,6,0,0
Kareem Abdul-Jabbar,1989,6,0,0
Kareem Abdul-Jabbar,1988,6,0,0
Kareem Abdul-Jabbar,1987,6,0,0
Kareem Abdul-Jabbar,1986,6,0,0
Kareem Abdul-Jabbar,1985,6,0,0
Kareem Abdul-Jabbar,1984,6,0,0
Kareem Abdul-Jabbar,1983,6,0,0
Kareem Abdul-Jabbar,1982,6,0,1
Kareem Abdul-Jabbar,1981,6,1,0
Kareem Abdul-Jabbar,1980,6,0,0
Kareem Abdul-Jabbar,1979,5,0,1
Kareem Abdul-Jabbar,1978,5,1,1
Kareem Abdul-Jabbar,1977,5,1,0
Kareem Abdul-Jabbar,1976,4,0,1
Kareem Abdul-Jabbar,1975,3,1,0
Kareem Abdul-Jabbar,1974,3,0,1
Kareem Abdul-Jabbar,1973,2,1,1
Kareem Abdul-Jabbar,1972,2,1,0
Kareem Abdul-Jabbar,1971,1,0,0
Kareem Abdul-Jabbar,1970,0,0,0
Kareem Abdul-Jabbar,1969,0,0,0
Kareem Abdul-Jabbar,1968,0,0,0
Kareem Abdul-Jabbar,1967,0,0,0
Kareem Abdul-Jabbar,1966,0,0,0
Kareem Abdul-Jabbar,1965,0,0,0
Kareem Abdul-Jabbar,1964,0,0,0
Kareem Abdul-Jabbar,1963,0,0,0
Kareem Abdul-Jabbar,1962,0,0,0
Kareem Abdul-Jabbar,1961,0,0,0
Kareem Abdul-Jabbar,1960,0,0,0
Kareem Abdul-Jabbar,1959,0,0,0
Kareem Abdul-Jabbar,1958,0,0,0
Kareem Abdul-Jabbar,1957,0,0,0
Bill Walton,2023,1,0,0
Bill Walton,2022,1,0,0
Bill Walton,2021,1,0,0
Bill Walton,2020,1,0,0
Bill Walton,2019,1,0,0
Bill Walton,2018,1,0,0
Bill Walton,2017,1,0,0
Bill Walton,2016,1,0,0
Bill Walton,2015,1,0,0
Bill Walton,2014,1,0,0
Bill Walton,2013,1,0,0
Bill Walton,2012,1,0,0
Bill Walton,2011,1,0,0
Bill Walton,2010,1,0,0
Bill Walton,2009,1,0,0
Bill Walton,2008,1,0,0
Bill Walton,2007,1,0,0
Bill Walton,2006,1,0,0
Bill Walton,2005,1,0,0
Bill Walton,2004,1,0,0
Bill Walton,2003,1,0,0
Bill Walton,2002,1,0,0
Bill Walton,2001,1,0,0
Bill Walton,2000,1,0,0
Bill Walton,1999,1,0,0
Bill Walton,1998,1,0,0
Bill Walton,1997,1,0,0
Bill Walton,1996,1,0,0
Bill Walton,1995,1,0,0
Bill Walton,1994,1,0,0
Bill Walton,1993,1,0,0
Bill Walton,1992,1,0,0
Bill Walton,1991,1,0,0
Bill Walton,1990,1,0,0
Bill Walton,1989,1,0,0
Bill Walton,1988,1,0,0
Bill Walton,1987,1,0,0
Bill Walton,1986,1,0,0
Bill Walton,1985,1,0,0
Bill Walton,1984,1,0,0
Bill Walton,1983,1,0,0
Bill Walton,1982,1,0,0
Bill Walton,1981,1,0,0
Bill Walton,1980,1,0,1
Bill Walton,1979,1,1,0
Bill Walton,1978,1,0,0
Bill Walton,1977,0,0,0
Bill Walton,1976,0,0,0
Bill Walton,1975,0,0,0
Bill Walton,1974,0,0,0
Bill Walton,1973,0,0,0
Bill Walton,1972,0,0,0
Bill Walton,1971,0,0,0
Bill Walton,1970,0,0,0
Bill Walton,1969,0,0,0
Bill Walton,1968,0,0,0
Bill Walton,1967,0,0,0
Bill Walton,1966,0,0,0
Bill Walton,1965,0,0,0
Bill Walton,1964,0,0,0
Bill Walton,1963,0,0,0
Bill Walton,1962,0,0,0
Bill Walton,1961,0,0,0
Bill Walton,1960,0,0,0
Bill Walton,1959,0,0,0
Bill Walton,1958,0,0,0
Bill Walton,1957,0,0,0
Bob McAdoo,2023,1,0,0
Bob McAdoo,2022,1,0,0
Bob McAdoo,2021,1,0,0
Bob McAdoo,2020,1,0,0
Bob McAdoo,2019,1,0,0
Bob McAdoo,2018,1,0,0
Bob McAdoo,2017,1,0,0
Bob McAdoo,2016,1,0,0
Bob McAdoo,2015,1,0,0
Bob McAdoo,2014,1,0,0
Bob McAdoo,2013,1,0,0
Bob McAdoo,2012,1,0,0
Bob McAdoo,2011,1,0,0
Bob McAdoo,2010,1,0,0
Bob McAdoo,2009,1,0,0
Bob McAdoo,2008,1,0,0
Bob McAdoo,2007,1,0,0
Bob McAdoo,2006,1,0,0
Bob McAdoo,2005,1,0,0
Bob McAdoo,2004,1,0,0
Bob McAdoo,2003,1,0,0
Bob McAdoo,2002,1,0,0
Bob McAdoo,2001,1,0,0
Bob McAdoo,2000,1,0,0
Bob McAdoo,1999,1,0,0
Bob McAdoo,1998,1,0,0
Bob McAdoo,1997,1,0,0
Bob McAdoo,1996,1,0,0
Bob McAdoo,1995,1,0,0
Bob McAdoo,1994,1,0,0
Bob McAdoo,1993,1,0,0
Bob McAdoo,1992,1,0,0
Bob McAdoo,1991,1,0,0
Bob McAdoo,1990,1,0,0
Bob McAdoo,1989,1,0,0
Bob McAdoo,1988,1,0,0
Bob McAdoo,1987,1,0,0
Bob McAdoo,1986,1,0,0
Bob McAdoo,1985,1,0,0
Bob McAdoo,1984,1,0,0
Bob McAdoo,1983,1,0,0
Bob McAdoo,1982,1,0,0
Bob McAdoo,1981,1,0,0
Bob McAdoo,1980,1,0,0
Bob McAdoo,1979,1,0,0
Bob McAdoo,1978,1,0,0
Bob McAdoo,1977,1,0,1
Bob McAdoo,1976,1,1,0
Bob McAdoo,1975,1,0,0
Bob McAdoo,1974,0,0,0
Bob McAdoo,1973,0,0,0
Bob McAdoo,1972,0,0,0
Bob McAdoo,1971,0,0,0
Bob McAdoo,1970,0,0,0
Bob McAdoo,1969,0,0,0
Bob McAdoo,1968,0,0,0
Bob McAdoo,1967,0,0,0
Bob McAdoo,1966,0,0,0
Bob McAdoo,1965,0,0,0
Bob McAdoo,1964,0,0,0
Bob McAdoo,1963,0,0,0
Bob McAdoo,1962,0,0,0
Bob McAdoo,1961,0,0,0
Bob McAdoo,1960,0,0,0
Bob McAdoo,1959,0,0,0
Bob McAdoo,1958,0,0,0
Bob McAdoo,1957,0,0,0
David Cowens,2023,1,0,0
David Cowens,2022,1,0,0
David Cowens,2021,1,0,0
David Cowens,2020,1,0,0
David Cowens,2019,1,0,0
David Cowens,2018,1,0,0
David Cowens,2017,1,0,0
David Cowens,2016,1,0,0
David Cowens,2015,1,0,0
David Cowens,2014,1,0,0
David Cowens,2013,1,0,0
David Cowens,2012,1,0,0
David Cowens,2011,1,0,0
David Cowens,2010,1,0,0
David Cowens,2009,1,0,0
David Cowens,2008,1,0,0
David Cowens,2007,1,0,0
David Cowens,2006,1,0,0
David Cowens,2005,1,0,0
David Cowens,2004,1,0,0
David Cowens,2003,1,0,0
David Cowens,2002,1,0,0
David Cowens,2001,1,0,0
David Cowens,2000,1,0,0
David Cowens,1999,1,0,0
David Cowens,1998,1,0,0
David Cowens,1997,1,0,0
David Cowens,1996,1,0,0
David Cowens,1995,1,0,0
David Cowens,1994,1,0,0
David Cowens,1993,1,0,0
David Cowens,1992,1,0,0
David Cowens,1991,1,0,0
David Cowens,1990,1,0,0
David Cowens,1989,1,0,0
David Cowens,1988,1,0,0
David Cowens,1987,1,0,0
David Cowens,1986,1,0,0
David Cowens,1985,1,0,0
David Cowens,1984,1,0,0
David Cowens,1983,1,0,0
David Cowens,1982,1,0,0
David Cowens,1981,1,0,0
David Cowens,1980,1,0,0
David Cowens,1979,1,0,0
David Cowens,1978,1,0,0
David Cowens,1977,1,0,0
David Cowens,1976,1,0,0
David Cowens,1975,1,0,1
David Cowens,1974,1,1,0
David Cowens,1973,1,0,0
David Cowens,1972,0,0,0
David Cowens,1971,0,0,0
David Cowens,1970,0,0,0
David Cowens,1969,0,0,0
David Cowens,1968,0,0,0
David Cowens,1967,0,0,0
David Cowens,1966,0,0,0
David Cowens,1965,0,0,0
David Cowens,1964,0,0,0
David Cowens,1963,0,0,0
David Cowens,1962,0,0,0
David Cowens,1961,0,0,0
David Cowens,1960,0,0,0
David Cowens,1959,0,0,0
David Cowens,1958,0,0,0
David Cowens,1957,0,0,0
Willis Reed,2023,1,0,0
Willis Reed,2022,1,0,0
Willis Reed,2021,1,0,0
Willis Reed,2020,1,0,0
Willis Reed,2019,1,0,0
Willis Reed,2018,1,0,0
Willis Reed,2017,1,0,0
Willis Reed,2016,1,0,0
Willis Reed,2015,1,0,0
Willis Reed,2014,1,0,0
Willis Reed,2013,1,0,0
Willis Reed,2012,1,0,0
Willis Reed,2011,1,0,0
Willis Reed,2010,1,0,0
Willis Reed,2009,1,0,0
Willis Reed,2008,1,0,0
Willis Reed,2007,1,0,0
Willis Reed,2006,1,0,0
Willis Reed,2005,1,0,0
Willis Reed,2004,1,0,0
Willis Reed,2003,1,0,0
Willis Reed,2002,1,0,0
Willis Reed,2001,1,0,0
Willis Reed,2000,1,0,0
Willis Reed,1999,1,0,0
Willis Reed,1998,1,0,0
Willis Reed,1997,1,0,0
Willis Reed,1996,1,0,0
Willis Reed,1995,1,0,0
Willis Reed,1994,1,0,0
Willis Reed,1993,1,0,0
Willis Reed,1992,1,0,0
Willis Reed,1991,1,0,0
Willis Reed,1990,1,0,0
Willis Reed,1989,1,0,0
Willis Reed,1988,1,0,0
Willis Reed,1987,1,0,0
Willis Reed,1986,1,0,0
Willis Reed,1985,1,0,0
Willis Reed,1984,1,0,0
Willis Reed,1983,1,0,0
Willis Reed,1982,1,0,0
Willis Reed,1981,1,0,0
Willis Reed,1980,1,0,0
Willis Reed,1979,1,0,0
Willis Reed,1978,1,0,0
Willis Reed,1977,1,0,0
Willis Reed,1976,1,0,0
Willis Reed,1975,1,0,0
Willis Reed,1974,1,0,0
Willis Reed,1973,1,0,0
Willis Reed,1972,1,0,1
Willis Reed,1971,1,1,0
Willis Reed,1970,1,0,0
Willis Reed,1969,0,0,0
Willis Reed,1968,0,0,0
Willis Reed,1967,0,0,0
Willis Reed,1966,0,0,0
Willis Reed,1965,0,0,0
Willis Reed,1964,0,0,0
Willis Reed,1963,0,0,0
Willis Reed,1962,0,0,0
Willis Reed,1961,0,0,0
Willis Reed,1960,0,0,0
Willis Reed,1959,0,0,0
Willis Reed,1958,0,0,0
Willis Reed,1957,0,0,0
Westley Unseld,2023,1,0,0
Westley Unseld,2022,1,0,0
Westley Unseld,2021,1,0,0
Westley Unseld,2020,1,0,0
Westley Unseld,2019,1,0,0
Westley Unseld,2018,1,0,0
Westley Unseld,2017,1,0,0
Westley Unseld,2016,1,0,0
Westley Unseld,2015,1,0,0
Westley Unseld,2014,1,0,0
Westley Unseld,2013,1,0,0
Westley Unseld,2012,1,0,0
Westley Unseld,2011,1,0,0
Westley Unseld,2010,1,0,0
Westley Unseld,2009,1,0,0
Westley Unseld,2008,1,0,0
Westley Unseld,2007,1,0,0
Westley Unseld,2006,1,0,0
Westley Unseld,2005,1,0,0
Westley Unseld,2004,1,0,0
Westley Unseld,2003,1,0,0
Westley Unseld,2002,1,0,0
Westley Unseld,2001,1,0,0
Westley Unseld,2000,1,0,0
Westley Unseld,1999,1,0,0
Westley Unseld,1998,1,0,0
Westley Unseld,1997,1,0,0
Westley Unseld,1996,1,0,0
Westley Unseld,1995,1,0,0
Westley Unseld,1994,1,0,0
Westley Unseld,1993,1,0,0
Westley Unseld,1992,1,0,0
Westley Unseld,1991,1,0,0
Westley Unseld,1990,1,0,0
Westley Unseld,1989,1,0,0
Westley Unseld,1988,1,0,0
Westley Unseld,1987,1,0,0
Westley Unseld,1986,1,0,0
Westley Unseld,1985,1,0,0
Westley Unseld,1984,1,0,0
Westley Unseld,1983,1,0,0
Westley Unseld,1982,1,0,0
Westley Unseld,1981,1,0,0
Westley Unseld,1980,1,0,0
Westley Unseld,1979,1,0,0
Westley Unseld,1978,1,0,0
Westley Unseld,1977,1,0,0
Westley Unseld,1976,1,0,0
Westley Unseld,1975,1,0,0
Westley Unseld,1974,1,0,0
Westley Unseld,1973,1,0,0
Westley Unseld,1972,1,0,0
Westley Unseld,1971,1,0,1
Westley Unseld,1970,1,1,0
Westley Unseld,1969,1,0,0
Westley Unseld,1968,0,0,0
Westley Unseld,1967,0,0,0
Westley Unseld,1966,0,0,0
Westley Unseld,1965,0,0,0
Westley Unseld,1964,0,0,0
Westley Unseld,1963,0,0,0
Westley Unseld,1962,0,0,0
Westley Unseld,1961,0,0,0
Westley Unseld,1960,0,0,0
Westley Unseld,1959,0,0,0
Westley Unseld,1958,0,0,0
Westley Unseld,1957,0,0,0
Wilt Chamberlain,2023,4,0,0
Wilt Chamberlain,2022,4,0,0
Wilt Chamberlain,2021,4,0,0
Wilt Chamberlain,2020,4,0,0
Wilt Chamberlain,2019,4,0,0
Wilt Chamberlain,2018,4,0,0
Wilt Chamberlain,2017,4,0,0
Wilt Chamberlain,2016,4,0,0
Wilt Chamberlain,2015,4,0,0
Wilt Chamberlain,2014,4,0,0
Wilt Chamberlain,2013,4,0,0
Wilt Chamberlain,2012,4,0,0
Wilt Chamberlain,2011,4,0,0
Wilt Chamberlain,2010,4,0,0
Wilt Chamberlain,2009,4,0,0
Wilt Chamberlain,2008,4,0,0
Wilt Chamberlain,2007,4,0,0
Wilt Chamberlain,2006,4,0,0
Wilt Chamberlain,2005,4,0,0
Wilt Chamberlain,2004,4,0,0
Wilt Chamberlain,2003,4,0,0
Wilt Chamberlain,2002,4,0,0
Wilt Chamberlain,2001,4,0,0
Wilt Chamberlain,2000,4,0,0
Wilt Chamberlain,1999,4,0,0
Wilt Chamberlain,1998,4,0,0
Wilt Chamberlain,1997,4,0,0
Wilt Chamberlain,1996,4,0,0
Wilt Chamberlain,1995,4,0,0
Wilt Chamberlain,1994,4,0,0
Wilt Chamberlain,1993,4,0,0
Wilt Chamberlain,1992,4,0,0
Wilt Chamberlain,1991,4,0,0
Wilt Chamberlain,1990,4,0,0
Wilt Chamberlain,1989,4,0,0
Wilt Chamberlain,1988,4,0,0
Wilt Chamberlain,1987,4,0,0
Wilt Chamberlain,1986,4,0,0
Wilt Chamberlain,1985,4,0,0
Wilt Chamberlain,1984,4,0,0
Wilt Chamberlain,1983,4,0,0
Wilt Chamberlain,1982,4,0,0
Wilt Chamberlain,1981,4,0,0
Wilt Chamberlain,1980,4,0,0
Wilt Chamberlain,1979,4,0,0
Wilt Chamberlain,1978,4,0,0
Wilt Chamberlain,1977,4,0,0
Wilt Chamberlain,1976,4,0,0
Wilt Chamberlain,1975,4,0,0
Wilt Chamberlain,1974,4,0,0
Wilt Chamberlain,1973,4,0,0
Wilt Chamberlain,1972,4,0,0
Wilt Chamberlain,1971,4,0,0
Wilt Chamberlain,1970,4,0,1
Wilt Chamberlain,1969,4,1,1
Wilt Chamberlain,1968,4,1,1
Wilt Chamberlain,1967,3,1,0
Wilt Chamberlain,1966,2,0,0
Wilt Chamberlain,1965,1,0,0
Wilt Chamberlain,1964,1,0,0
Wilt Chamberlain,1963,1,0,0
Wilt Chamberlain,1962,1,0,1
Wilt Chamberlain,1961,1,1,0
Wilt Chamberlain,1960,1,0,0
Wilt Chamberlain,1959,0,0,0
Wilt Chamberlain,1958,0,0,0
Wilt Chamberlain,1957,0,0,0
Bill Russell,2023,5,0,0
Bill Russell,2022,5,0,0
Bill Russell,2021,5,0,0
Bill Russell,2020,5,0,0
Bill Russell,2019,5,0,0
Bill Russell,2018,5,0,0
Bill Russell,2017,5,0,0
Bill Russell,2016,5,0,0
Bill Russell,2015,5,0,0
Bill Russell,2014,5,0,0
Bill Russell,2013,5,0,0
Bill Russell,2012,5,0,0
Bill Russell,2011,5,0,0
Bill Russell,2010,5,0,0
Bill Russell,2009,5,0,0
Bill Russell,2008,5,0,0
Bill Russell,2007,5,0,0
Bill Russell,2006,5,0,0
Bill Russell,2005,5,0,0
Bill Russell,2004,5,0,0
Bill Russell,2003,5,0,0
Bill Russell,2002,5,0,0
Bill Russell,2001,5,0,0
Bill Russell,2000,5,0,0
Bill Russell,1999,5,0,0
Bill Russell,1998,5,0,0
Bill Russell,1997,5,0,0
Bill Russell,1996,5,0,0
Bill Russell,1995,5,0,0
Bill Russell,1994,5,0,0
Bill Russell,1993,5,0,0
Bill Russell,1992,5,0,0
Bill Russell,1991,5,0,0
Bill Russell,1990,5,0,0
Bill Russell,1989,5,0,0
Bill Russell,1988,5,0,0
Bill Russell,1987,5,0,0
Bill Russell,1986,5,0,0
Bill Russell,1985,5,0,0
Bill Russell,1984,5,0,0
Bill Russell,1983,5,0,0
Bill Russell,1982,5,0,0
Bill Russell,1981,5,0,0
Bill Russell,1980,5,0,0
Bill Russell,1979,5,0,0
Bill Russell,1978,5,0,0
Bill Russell,1977,5,0,0
Bill Russell,1976,5,0,0
Bill Russell,1975,5,0,0
Bill Russell,1974,5,0,0
Bill Russell,1973,5,0,0
Bill Russell,1972,5,0,0
Bill Russell,1971,5,0,0
Bill Russell,1970,5,0,0
Bill Russell,1969,5,0,0
Bill Russell,1968,5,0,0
Bill Russell,1967,5,0,1
Bill Russell,1966,5,1,0
Bill Russell,1965,5,0,1
Bill Russell,1964,4,1,1
Bill Russell,1963,4,1,1
Bill Russell,1962,3,1,0
Bill Russell,1961,2,0,0
Bill Russell,1960,1,0,1
Bill Russell,1959,1,1,0
Bill Russell,1958,1,0,0
Bill Russell,1957,0,0,0
Oscar Robertson,2023,1,0,0
Oscar Robertson,2022,1,0,0
Oscar Robertson,2021,1,0,0
Oscar Robertson,2020,1,0,0
Oscar Robertson,2019,1,0,0
Oscar Robertson,2018,1,0,0
Oscar Robertson,2017,1,0,0
Oscar Robertson,2016,1,0,0
Oscar Robertson,2015,1,0,0
Oscar Robertson,2014,1,0,0
Oscar Robertson,2013,1,0,0
Oscar Robertson,2012,1,0,0
Oscar Robertson,2011,1,0,0
Oscar Robertson,2010,1,0,0
Oscar Robertson,2009,1,0,0
Oscar Robertson,2008,1,0,0
Oscar Robertson,2007,1,0,0
Oscar Robertson,2006,1,0,0
Oscar Robertson,2005,1,0,0
Oscar Robertson,2004,1,0,0
Oscar Robertson,2003,1,0,0
Oscar Robertson,2002,1,0,0
Oscar Robertson,2001,1,0,0
Oscar Robertson,2000,1,0,0
Oscar Robertson,1999,1,0,0
Oscar Robertson,1998,1,0,0
Oscar Robertson,1997,1,0,0
Oscar Robertson,1996,1,0,0
Oscar Robertson,1995,1,0,0
Oscar Robertson,1994,1,0,0
Oscar Robertson,1993,1,0,0
Oscar Robertson,1992,1,0,0
Oscar Robertson,1991,1,0,0
Oscar Robertson,1990,1,0,0
Oscar Robertson,1989,1,0,0
Oscar Robertson,1988,1,0,0
Oscar Robertson,1987,1,0,0
Oscar Robertson,1986,1,0,0
Oscar Robertson,1985,1,0,0
Oscar Robertson,1984,1,0,0
Oscar Robertson,1983,1,0,0
Oscar Robertson,1982,1,0,0
Oscar Robertson,1981,1,0,0
Oscar Robertson,1980,1,0,0
Oscar Robertson,1979,1,0,0
Oscar Robertson,1978,1,0,0
Oscar Robertson,1977,1,0,0
Oscar Robertson,1976,1,0,0
Oscar Robertson,1975,1,0,0
Oscar Robertson,1974,1,0,0
Oscar Robertson,1973,1,0,0
Oscar Robertson,1972,1,0,0
Oscar Robertson,1971,1,0,0
Oscar Robertson,1970,1,0,0
Oscar Robertson,1969,1,0,0
Oscar Robertson,1968,1,0,0
Oscar Robertson,1967,1,0,0
Oscar Robertson,1966,1,0,1
Oscar Robertson,1965,1,1,0
Oscar Robertson,1964,1,0,0
Oscar Robertson,1963,0,0,0
Oscar Robertson,1962,0,0,0
Oscar Robertson,1961,0,0,0
Oscar Robertson,1960,0,0,0
Oscar Robertson,1959,0,0,0
Oscar Robertson,1958,0,0,0
Oscar Robertson,1957,0,0,0
Bob Pettit,2023,1,0,0
Bob Pettit,2022,1,0,0
Bob Pettit,2021,1,0,0
Bob Pettit,2020,1,0,0
Bob Pettit,2019,1,0,0
Bob Pettit,2018,1,0,0
Bob Pettit,2017,1,0,0
Bob Pettit,2016,1,0,0
Bob Pettit,2015,1,0,0
Bob Pettit,2014,1,0,0
Bob Pettit,2013,1,0,0
Bob Pettit,2012,1,0,0
Bob Pettit,2011,1,0,0
Bob Pettit,2010,1,0,0
Bob Pettit,2009,1,0,0
Bob Pettit,2008,1,0,0
Bob Pettit,2007,1,0,0
Bob Pettit,2006,1,0,0
Bob Pettit,2005,1,0,0
Bob Pettit,2004,1,0,0
Bob Pettit,2003,1,0,0
Bob Pettit,2002,1,0,0
Bob Pettit,2001,1,0,0
Bob Pettit,2000,1,0,0
Bob Pettit,1999,1,0,0
Bob Pettit,1998,1,0,0
Bob Pettit,1997,1,0,0
Bob Pettit,1996,1,0,0
Bob Pettit,1995,1,0,0
Bob Pettit,1994,1,0,0
Bob Pettit,1993,1,0,0
Bob Pettit,1992,1,0,0
Bob Pettit,1991,1,0,0
Bob Pettit,1990,1,0,0
Bob Pettit,1989,1,0,0
Bob Pettit,1988,1,0,0
Bob Pettit,1987,1,0,0
Bob Pettit,1986,1,0,0
Bob Pettit,1985,1,0,0
Bob Pettit,1984,1,0,0
Bob Pettit,1983,1,0,0
Bob Pettit,1982,1,0,0
Bob Pettit,1981,1,0,0
Bob Pettit,1980,1,0,0
Bob Pettit,1979,1,0,0
Bob Pettit,1978,1,0,0
Bob Pettit,1977,1,0,0
Bob Pettit,1976,1,0,0
Bob Pettit,1975,1,0,0
Bob Pettit,1974,1,0,0
Bob Pettit,1973,1,0,0
Bob Pettit,1972,1,0,0
Bob Pettit,1971,1,0,0
Bob Pettit,1970,1,0,0
Bob Pettit,1969,1,0,0
Bob Pettit,1968,1,0,0
Bob Pettit,1967,1,0,0
Bob Pettit,1966,1,0,0
Bob Pettit,1965,1,0,0
Bob Pettit,1964,1,0,0
Bob Pettit,1963,1,0,0
Bob Pettit,1962,1,0,0
Bob Pettit,1961,1,0,1
Bob Pettit,1960,1,1,0
Bob Pettit,1959,1,0,0
Bob Pettit,1958,0,0,0
Bob Pettit,1957,0,0,0
Bob Cousy,2023,1,0,0
Bob Cousy,2022,1,0,0
Bob Cousy,2021,1,0,0
Bob Cousy,2020,1,0,0
Bob Cousy,2019,1,0,0
Bob Cousy,2018,1,0,0
Bob Cousy,2017,1,0,0
Bob Cousy,2016,1,0,0
Bob Cousy,2015,1,0,0
Bob Cousy,2014,1,0,0
Bob Cousy,2013,1,0,0
Bob Cousy,2012,1,0,0
Bob Cousy,2011,1,0,0
Bob Cousy,2010,1,0,0
Bob Cousy,2009,1,0,0
Bob Cousy,2008,1,0,0
Bob Cousy,2007,1,0,0
Bob Cousy,2006,1,0,0
Bob Cousy,2005,1,0,0
Bob Cousy,2004,1,0,0
Bob Cousy,2003,1,0,0
Bob Cousy,2002,1,0,0
Bob Cousy,2001,1,0,0
Bob Cousy,2000,1,0,0
Bob Cousy,1999,1,0,0
Bob Cousy,1998,1,0,0
Bob Cousy,1997,1,0,0
Bob Cousy,1996,1,0,0
Bob Cousy,1995,1,0,0
Bob Cousy,1994,1,0,0
Bob Cousy,1993,1,0,0
Bob Cousy,1992,1,0,0
Bob Cousy,1991,1,0,0
Bob Cousy,1990,1,0,0
Bob Cousy,1989,1,0,0
Bob Cousy,1988,1,0,0
Bob Cousy,1987,1,0,0
Bob Cousy,1986,1,0,0
Bob Cousy,1985,1,0,0
Bob Cousy,1984,1,0,0
Bob Cousy,1983,1,0,0
Bob Cousy,1982,1,0,0
Bob Cousy,1981,1,0,0
Bob Cousy,1980,1,0,0
Bob Cousy,1979,1,0,0
Bob Cousy,1978,1,0,0
Bob Cousy,1977,1,0,0
Bob Cousy,1976,1,0,0
Bob Cousy,1975,1,0,0
Bob Cousy,1974,1,0,0
Bob Cousy,1973,1,0,0
Bob Cousy,1972,1,0,0
Bob Cousy,1971,1,0,0
Bob Cousy,1970,1,0,0
Bob Cousy,1969,1,0,0
Bob Cousy,1968,1,0,0
Bob Cousy,1967,1,0,0
Bob Cousy,1966,1,0,0
Bob Cousy,1965,1,0,0
Bob Cousy,1964,1,0,0
Bob Cousy,1963,1,0,0
Bob Cousy,1962,1,0,0
Bob Cousy,1961,1,0,0
Bob Cousy,1960,1,0,0
Bob Cousy,1959,1,0,1
Bob Cousy,1958,1,1,0
Bob Cousy,1957,1,0,0
