,name,age,assist_percentage,block_percentage,box_plus_minus,defensive_box_plus_minus,defensive_rebound_percentage,defensive_win_shares,free_throw_attempt_rate,games_played,is_combined_totals,minutes_played,offensive_box_plus_minus,offensive_rebound_percentage,offensive_win_shares,player_efficiency_rating,positions,slug,steal_percentage,team,three_point_attempt_rate,total_rebound_percentage,true_shooting_percentage,turnover_percentage,usage_percentage,value_over_replacement_player,win_shares,win_shares_per_48_minutes
154,Jimmer Fredette,26,0.0,0.0,22.6,3.5,0.0,0.0,5.0,2,False,5,19.1,0.0,0.1,47.4,['SHOOTING GUARD'],fredeji01,0.0,NEW YORK KNICKS,1.0,0.0,1.094,23.8,38.0,0.0,0.1,0.514
499,Briante Weber,23,72.3,0.0,12.9,7.9,36.6,0.0,0.0,1,False,3,5.0,0.0,0.0,39.3,['POINT GUARD'],weberbr01,0.0,MIAMI HEAT,0.0,18.9,1.0,0.0,15.2,0.0,0.0,0.634
20,Thanasis Antetokounmpo,23,0.0,0.0,5.9,2.2,17.9,0.0,0.0,2,False,6,3.7,0.0,0.0,32.9,['SMALL FORWARD'],antetth01,0.0,NEW YORK KNICKS,0.25,9.1,0.75,0.0,30.2,0.0,0.0,0.291
89,Rakeem Christmas,24,0.0,0.0,6.5,0.9,0.0,0.0,0.0,1,False,6,5.6,18.3,0.0,32.0,['POWER FORWARD'],chrisra01,0.0,INDIANA PACERS,0.0,9.1,1.0,0.0,14.7,0.0,0.0,0.343
110,Stephen Curry,27,33.7,0.4,11.9,1.6,13.6,4.1,0.25,79,False,2700,10.3,2.9,13.8,31.5,['POINT GUARD'],curryst01,3.0,GOLDEN STATE WARRIORS,0.554,8.6,0.669,12.9,32.6,9.5,17.9,0.318
100,Bryce Cotton,23,0.0,0.0,5.8,0.2,0.0,0.0,0.0,5,False,6,5.7,0.0,0.0,29.1,['POINT GUARD'],cottobr01,0.0,MEMPHIS GRIZZLIES,0.0,0.0,1.0,0.0,15.0,0.0,0.0,0.221
131,Kevin Durant,27,24.2,2.5,9.9,1.6,21.8,3.5,0.361,72,False,2578,8.4,2.0,11.0,28.2,['SMALL FORWARD'],duranke01,1.3,OKLAHOMA CITY THUNDER,0.348,12.4,0.634,13.5,30.6,7.8,14.5,0.27
309,Boban Marjanović,27,6.6,3.5,4.3,0.4,26.2,1.2,0.655,54,False,508,3.9,16.9,2.3,27.7,['CENTER'],marjabo01,1.2,SAN ANTONIO SPURS,0.0,21.7,0.662,11.5,22.8,0.8,3.4,0.325
503,Russell Westbrook,27,49.6,0.6,7.8,1.4,18.1,4.0,0.397,80,False,2750,6.4,6.1,10.0,27.6,['POINT GUARD'],westbru01,2.9,OKLAHOMA CITY THUNDER,0.236,12.4,0.554,16.8,31.6,6.8,14.0,0.245
244,LeBron James,31,36.0,1.5,9.0,2.0,18.8,4.0,0.347,76,False,2709,7.0,4.7,9.6,27.5,['SMALL FORWARD'],jamesle01,2.0,CLEVELAND CAVALIERS,0.199,11.8,0.588,13.2,31.4,7.5,13.6,0.242
385,Chris Paul,30,52.7,0.4,7.9,2.0,12.0,3.5,0.294,74,False,2420,5.9,1.8,9.2,26.2,['POINT GUARD'],paulch01,3.1,LOS ANGELES CLIPPERS,0.295,7.0,0.575,13.4,27.1,6.0,12.7,0.253
293,Kawhi Leonard,24,13.0,2.3,9.1,3.0,18.4,5.5,0.306,72,False,2380,6.1,4.7,8.3,26.0,['SMALL FORWARD'],leonaka01,2.8,SAN ANTONIO SPURS,0.267,11.8,0.616,7.8,25.8,6.7,13.7,0.277
504,Hassan Whiteside,26,2.4,9.7,4.1,2.4,32.4,5.3,0.482,73,False,2125,1.7,13.1,5.0,25.6,['CENTER'],whiteha01,1.1,MIAMI HEAT,0.0,23.1,0.629,14.2,20.7,3.3,10.3,0.233
192,James Harden,26,35.4,1.4,6.6,0.2,15.6,2.6,0.518,82,False,3125,6.4,2.2,10.7,25.3,['SHOOTING GUARD'],hardeja01,2.2,HOUSTON ROCKETS,0.406,8.8,0.598,15.9,32.5,6.8,13.3,0.204
112,Anthony Davis,22,10.0,4.7,3.9,0.4,26.4,2.8,0.379,61,False,2164,3.6,6.4,4.4,25.0,['CENTER'],davisan02,1.8,NEW ORLEANS PELICANS,0.095,16.1,0.559,8.4,29.6,3.2,7.2,0.16
155,Enes Freedom,23,3.1,1.5,1.2,-2.1,24.9,2.1,0.349,82,False,1721,3.3,16.7,6.0,24.0,['CENTER'],kanteen01,0.7,OKLAHOMA CITY THUNDER,0.029,21.0,0.626,12.2,23.4,1.4,8.1,0.226
291,David Lee,32,12.5,2.9,2.8,0.6,29.1,0.7,0.294,25,False,433,2.3,15.2,1.5,24.0,['POWER FORWARD'],leeda02,1.2,DALLAS MAVERICKS,0.0,22.2,0.66,14.8,20.0,0.5,2.1,0.237
91,Coty Clarke,23,0.0,0.0,16.5,1.0,18.0,0.0,0.0,3,False,6,15.5,0.0,0.0,23.9,['SMALL FORWARD'],clarkco01,0.0,BOSTON CELTICS,0.5,8.8,0.75,20.0,35.5,0.0,0.0,0.025
101,DeMarcus Cousins,25,17.0,3.3,3.3,0.6,28.2,3.3,0.498,65,False,2246,2.7,7.7,2.4,23.6,['CENTER'],couside01,2.2,SACRAMENTO KINGS,0.158,18.0,0.538,13.3,35.4,3.0,5.7,0.122
483,Jonas Valančiūnas,23,4.8,4.2,1.7,-0.5,26.3,2.4,0.397,60,False,1557,2.1,13.8,4.5,22.6,['CENTER'],valanjo01,0.8,TORONTO RAPTORS,0.0,20.1,0.61,11.9,20.9,1.4,6.9,0.211
44,Michael Beasley,27,9.1,2.1,0.9,-1.2,21.1,0.3,0.239,20,False,363,2.2,8.8,0.6,22.5,['POWER FORWARD'],beaslmi01,1.5,HOUSTON ROCKETS,0.044,14.9,0.563,9.6,29.7,0.3,1.0,0.128
477,Karl-Anthony Towns,20,11.3,4.3,2.2,-0.4,27.5,2.8,0.239,82,False,2627,2.5,10.3,5.5,22.5,['CENTER'],townska01,1.1,MINNESOTA TIMBERWOLVES,0.076,19.0,0.59,12.6,24.9,2.7,8.3,0.151
6,LaMarcus Aldridge,30,8.1,2.8,2.3,0.3,22.2,4.5,0.289,74,False,2261,2.0,9.2,5.6,22.4,['POWER FORWARD'],aldrila01,0.9,SAN ANTONIO SPURS,0.015,15.9,0.565,7.8,25.9,2.5,10.1,0.215
282,Carl Landry,32,11.1,1.2,1.2,-1.4,19.2,0.3,0.364,36,False,569,2.6,9.1,1.8,22.4,['POWER FORWARD'],landrca01,1.0,PHILADELPHIA 76ERS,0.052,14.0,0.605,7.1,24.0,0.5,2.1,0.176
296,Damian Lillard,25,33.6,0.8,4.4,-1.3,10.4,1.4,0.315,75,False,2676,5.7,1.8,7.7,22.2,['POINT GUARD'],lillada01,1.2,PORTLAND TRAIL BLAZERS,0.414,6.1,0.56,12.6,31.3,4.3,9.2,0.165
303,Kyle Lowry,29,29.9,1.0,5.8,1.1,12.3,3.7,0.41,77,False,2851,4.7,2.2,8.0,22.2,['POINT GUARD'],lowryky01,2.9,TORONTO RAPTORS,0.457,7.3,0.578,13.7,26.1,5.7,11.6,0.196
185,Blake Griffin,26,27.2,1.1,4.5,1.1,22.3,1.6,0.322,35,False,1170,3.4,4.8,2.2,22.1,['POWER FORWARD'],griffbl01,1.2,LOS ANGELES CLIPPERS,0.03,13.7,0.544,10.8,29.8,1.9,3.8,0.156
457,Jarnell Stokes,22,12.3,0.0,3.7,1.7,15.7,0.0,0.4,5,False,14,2.0,0.0,0.0,21.8,['CENTER'],stokeja01,3.7,MIAMI HEAT,0.0,8.1,0.595,0.0,19.2,0.0,0.1,0.222
344,Greg Monroe,25,13.2,2.5,2.1,-0.6,23.4,2.4,0.327,79,False,2314,2.7,10.9,5.0,21.8,['CENTER'],monrogr01,1.6,MILWAUKEE BUCKS,0.001,17.2,0.562,10.7,23.5,2.4,7.5,0.155
300,Brook Lopez,27,10.8,4.1,1.3,-0.5,17.2,1.7,0.348,73,False,2457,1.9,9.2,4.5,21.7,['CENTER'],lopezbr01,1.2,BROOKLYN NETS,0.012,13.1,0.562,11.6,27.3,2.1,6.2,0.121
162,Pau Gasol,35,21.7,4.7,4.9,2.3,28.7,3.9,0.29,72,False,2291,2.7,7.3,3.2,21.7,['CENTER'],gasolpa01,0.9,CHICAGO BULLS,0.069,18.2,0.529,12.8,24.6,4.0,7.1,0.149
145,Derrick Favors,24,8.9,3.9,3.3,1.2,19.6,3.4,0.313,62,False,1983,2.1,10.0,3.8,21.6,['POWER FORWARD'],favorde01,2.0,UTAH JAZZ,0.005,14.8,0.551,10.1,23.9,2.6,7.1,0.173
466,Isaiah Thomas,26,32.7,0.3,4.3,-0.6,8.0,2.5,0.394,82,False,2644,4.9,1.8,7.2,21.5,['POINT GUARD'],thomais02,1.7,BOSTON CELTICS,0.336,4.9,0.562,11.9,29.6,4.2,9.7,0.177
120,DeMar DeRozan,26,20.8,0.6,2.5,-0.7,11.5,2.4,0.474,78,False,2804,3.2,2.7,7.5,21.5,['SHOOTING GUARD'],derozde01,1.5,TORONTO RAPTORS,0.101,7.1,0.55,9.5,29.8,3.2,9.9,0.169
263,Nikola Jokić,20,18.1,2.3,3.9,1.3,24.7,2.2,0.317,80,False,1733,2.6,11.4,4.5,21.5,['CENTER'],jokicni01,2.3,DENVER NUGGETS,0.14,17.9,0.582,13.2,19.9,2.6,6.7,0.185
74,Jimmy Butler,26,21.4,1.3,4.4,1.2,11.6,2.7,0.459,67,False,2474,3.2,3.4,6.5,21.3,['SHOOTING GUARD'],butleji01,2.2,CHICAGO BULLS,0.198,7.6,0.562,9.6,24.4,3.9,9.1,0.177
341,Paul Millsap,30,16.4,4.1,4.2,2.7,21.5,6.0,0.383,81,False,2647,1.5,8.4,4.1,21.3,['POWER FORWARD'],millspa01,2.7,ATLANTA HAWKS,0.218,15.1,0.556,13.3,24.3,4.1,10.1,0.183
5,Cole Aldrich,27,10.0,6.7,2.4,3.4,27.1,2.0,0.373,60,False,800,-0.9,11.9,1.4,21.3,['CENTER'],aldrico01,2.9,LOS ANGELES CLIPPERS,0.0,19.6,0.626,19.6,18.4,0.9,3.5,0.209
126,Andre Drummond,22,4.4,3.2,1.1,0.3,34.2,5.5,0.553,81,False,2666,0.8,15.6,2.0,21.2,['CENTER'],drumman01,2.3,DETROIT PISTONS,0.006,24.5,0.499,10.5,24.1,2.0,7.4,0.133
490,Nikola Vučević,25,15.9,2.8,1.9,0.0,22.2,2.4,0.143,65,False,2037,1.9,9.3,2.8,21.1,['CENTER'],vucevni01,1.3,ORLANDO MAGIC,0.009,15.7,0.531,10.0,26.8,2.0,5.2,0.122
508,Alan Williams,23,11.7,6.0,-0.2,1.8,39.2,0.2,0.583,10,False,68,-2.0,21.9,0.1,21.1,['POWER FORWARD'],willial03,2.9,PHOENIX SUNS,0.0,30.3,0.481,16.6,22.6,0.0,0.2,0.146
143,Kenneth Faried,26,8.1,2.9,0.3,-1.4,23.0,1.5,0.355,67,False,1694,1.7,15.1,4.0,21.0,['POWER FORWARD'],farieke01,0.9,DENVER NUGGETS,0.003,19.0,0.577,11.2,21.0,1.0,5.5,0.156
165,Paul George,25,20.3,0.8,4.9,1.2,18.7,4.8,0.364,81,False,2819,3.7,3.1,4.4,20.9,['SMALL FORWARD'],georgpa01,2.7,INDIANA PACERS,0.391,10.9,0.557,13.6,30.4,4.9,9.2,0.157
367,Steve Novak,32,0.0,0.0,5.2,-1.4,17.2,0.0,0.0,7,False,24,6.6,0.0,0.1,20.8,['POWER FORWARD'],novakst01,0.0,OKLAHOMA CITY THUNDER,0.75,9.1,0.708,7.7,23.1,0.0,0.1,0.181
494,Kemba Walker,25,25.7,1.1,4.0,0.5,11.5,3.6,0.329,81,False,2885,3.5,2.1,6.3,20.8,['POINT GUARD'],walkeke02,2.2,CHARLOTTE HORNETS,0.368,6.8,0.554,10.1,26.5,4.3,9.9,0.165
268,DeAndre Jordan,27,5.3,5.4,2.8,1.3,32.7,5.5,1.219,77,False,2598,1.5,11.4,6.0,20.6,['CENTER'],jordade01,1.0,LOS ANGELES CLIPPERS,0.002,22.2,0.628,12.1,15.4,3.2,11.5,0.213
21,Carmelo Anthony,31,21.9,1.1,3.3,-0.5,19.5,2.5,0.308,72,False,2530,3.8,4.3,3.9,20.3,['SMALL FORWARD'],anthoca01,1.3,NEW YORK KNICKS,0.237,12.0,0.53,10.6,29.7,3.4,6.4,0.121
492,Dwyane Wade,34,27.4,1.4,1.9,-0.4,10.7,2.6,0.343,74,False,2258,2.3,4.3,2.4,20.3,['SHOOTING GUARD'],wadedw01,1.8,MIAMI HEAT,0.037,7.6,0.517,13.0,31.6,2.2,4.9,0.105
59,Chris Bosh,31,12.1,1.5,4.0,0.5,21.1,2.3,0.349,53,False,1778,3.6,3.2,4.1,20.2,['POWER FORWARD'],boshch01,1.0,MIAMI HEAT,0.289,12.4,0.571,8.1,24.7,2.7,6.4,0.172
53,Eric Bledsoe,26,31.8,1.5,3.3,0.8,11.2,1.0,0.35,31,False,1059,2.5,1.8,1.6,20.0,['POINT GUARD'],bledser01,2.9,PHOENIX SUNS,0.262,6.4,0.557,16.2,27.2,1.4,2.5,0.116
326,JaVale McGee,28,1.5,5.9,-0.3,-0.2,23.7,0.5,0.269,34,False,370,-0.2,15.8,0.6,19.9,['CENTER'],mcgeeja01,0.7,DALLAS MAVERICKS,0.007,19.7,0.574,12.3,21.1,0.1,1.1,0.146
241,Kyrie Irving,23,26.6,0.9,2.3,-0.8,7.6,1.7,0.217,53,False,1667,3.2,3.0,3.2,19.9,['POINT GUARD'],irvinky01,1.7,CLEVELAND CAVALIERS,0.298,5.3,0.54,11.4,29.5,1.8,5.0,0.143
495,John Wall,25,46.2,1.7,3.5,0.4,13.8,3.5,0.255,77,False,2784,3.1,1.7,2.2,19.8,['POINT GUARD'],walljo01,2.5,WASHINGTON WIZARDS,0.243,7.6,0.51,17.5,28.6,3.9,5.7,0.098
219,Jrue Holiday,25,37.3,1.0,2.1,-0.6,10.5,1.2,0.231,65,False,1831,2.7,1.6,2.2,19.7,['POINT GUARD'],holidjr01,2.4,NEW ORLEANS PELICANS,0.277,5.9,0.529,14.0,28.9,1.9,3.4,0.089
243,Reggie Jackson,25,36.3,0.3,2.7,-0.6,9.1,1.9,0.271,79,False,2424,3.4,2.5,4.9,19.6,['POINT GUARD'],jacksre01,1.2,DETROIT PISTONS,0.268,5.7,0.535,13.8,29.1,2.8,6.9,0.136
227,Al Horford,29,16.7,3.6,3.8,1.6,18.2,4.5,0.123,82,False,2631,2.2,6.3,4.9,19.4,['CENTER'],horfoal01,1.3,ATLANTA HAWKS,0.244,12.4,0.565,8.8,20.6,3.9,9.4,0.172
96,Mike Conley,28,32.7,0.8,3.0,-0.5,9.3,1.1,0.329,56,False,1761,3.5,1.6,4.2,19.4,['POINT GUARD'],conlemi01,2.0,MEMPHIS GRIZZLIES,0.309,5.3,0.538,9.5,22.4,2.2,5.3,0.145
178,Draymond Green,25,29.0,3.0,5.5,2.9,23.0,5.1,0.402,81,False,2808,2.6,5.5,6.0,19.3,['POWER FORWARD'],greendr01,2.0,GOLDEN STATE WARRIORS,0.315,14.7,0.587,21.2,18.8,5.3,11.1,0.19
408,Willie Reed,25,3.8,5.7,-0.5,-0.9,19.6,0.3,0.414,39,False,426,0.4,12.7,0.9,19.2,['CENTER'],reedwi02,0.7,BROOKLYN NETS,0.0,16.1,0.579,9.2,18.1,0.2,1.2,0.134
186,Jorge Gutiérrez,27,40.3,0.0,0.6,0.8,12.3,0.1,1.0,12,False,63,-0.3,0.0,0.2,19.1,['POINT GUARD'],gutiejo01,2.4,CHARLOTTE HORNETS,0.182,6.1,0.694,27.5,15.6,0.0,0.3,0.201
152,Tim Frazier,25,40.3,0.2,0.8,-0.6,13.7,0.3,0.349,16,False,469,1.3,3.4,0.9,19.1,['POINT GUARD'],fraziti01,2.4,NEW ORLEANS PELICANS,0.183,8.4,0.539,16.3,22.0,0.3,1.2,0.128
173,Marcin Gortat,31,7.5,3.4,0.6,0.1,26.3,3.1,0.271,75,False,2256,0.5,10.8,4.2,19.0,['CENTER'],gortama01,1.0,WASHINGTON WIZARDS,0.001,18.4,0.592,12.4,18.9,1.5,7.3,0.156
158,Danilo Gallinari,27,11.8,0.8,2.7,-0.7,14.0,0.9,0.617,53,False,1839,3.4,3.1,5.5,19.0,['SMALL FORWARD'],gallida01,1.1,DENVER NUGGETS,0.341,8.5,0.582,8.0,23.0,2.2,6.3,0.165
369,Dirk Nowitzki,37,10.1,1.8,2.5,0.1,20.3,2.6,0.252,75,False,2364,2.4,2.4,4.2,19.0,['POWER FORWARD'],nowitdi01,1.1,DALLAS MAVERICKS,0.308,11.4,0.555,6.4,25.5,2.7,6.8,0.138
302,Kevin Love,27,12.2,1.4,3.3,0.3,28.4,3.8,0.321,77,False,2424,3.0,7.0,4.7,19.0,['POWER FORWARD'],loveke01,1.2,CLEVELAND CAVALIERS,0.449,17.8,0.553,11.3,23.4,3.3,8.5,0.169
228,Dwight Howard,30,7.0,4.1,0.1,-0.2,29.1,3.1,0.79,71,False,2280,0.3,11.4,3.5,18.9,['CENTER'],howardw01,1.5,HOUSTON ROCKETS,0.01,20.2,0.604,17.0,18.4,1.2,6.6,0.138
211,J.J. Hickson,27,8.5,1.2,-1.0,-1.1,24.4,0.2,0.957,15,False,131,0.0,14.2,0.1,18.9,['CENTER'],hicksjj01,1.9,WASHINGTON WIZARDS,0.022,19.2,0.528,12.1,24.8,0.0,0.3,0.114
19,Giannis Antetokounmpo,21,20.0,3.4,2.1,0.7,20.0,2.9,0.404,80,False,2823,1.3,4.6,4.2,18.8,['POINT GUARD'],antetgi01,1.7,MILWAUKEE BUCKS,0.108,12.4,0.566,14.8,22.3,2.9,7.1,0.121
113,Ed Davis,26,7.7,3.3,1.9,0.9,24.2,2.3,0.605,81,False,1684,1.0,14.4,4.4,18.7,['POWER FORWARD'],davised01,1.7,PORTLAND TRAIL BLAZERS,0.0,19.3,0.616,13.0,12.7,1.6,6.7,0.192
299,Kevon Looney,19,0.0,0.0,-2.5,-4.1,29.1,0.0,0.0,5,False,21,1.6,21.8,0.1,18.6,['POWER FORWARD'],looneke01,0.0,GOLDEN STATE WARRIORS,0.286,25.6,0.643,12.5,16.5,0.0,0.1,0.192
207,John Henson,25,9.0,9.7,0.2,1.3,15.8,1.1,0.402,57,False,960,-1.2,10.4,1.2,18.6,['CENTER'],hensojo01,1.0,MILWAUKEE BUCKS,0.003,13.2,0.58,15.7,19.1,0.5,2.3,0.117
471,Klay Thompson,25,9.8,1.4,1.8,-1.6,10.3,2.6,0.159,80,False,2666,3.4,1.5,5.5,18.6,['SHOOTING GUARD'],thompkl01,1.1,GOLDEN STATE WARRIORS,0.469,6.2,0.597,8.5,26.3,2.5,8.0,0.144
519,Brandan Wright,28,4.7,6.6,0.7,0.7,16.3,0.2,0.462,12,False,212,0.0,7.2,0.4,18.3,['POWER FORWARD'],wrighbr03,1.2,MEMPHIS GRIZZLIES,0.0,11.6,0.663,13.8,15.4,0.1,0.7,0.147
205,Gordon Hayward,25,18.2,0.8,2.6,0.2,13.5,3.4,0.397,80,False,2893,2.4,2.5,5.5,18.3,['SMALL FORWARD'],haywago01,1.7,UTAH JAZZ,0.341,8.0,0.559,12.5,25.7,3.3,8.9,0.147
80,Clint Capela,21,5.1,5.2,-0.4,-0.1,22.7,2.0,0.531,77,False,1471,-0.3,14.4,2.4,18.3,['CENTER'],capelca01,2.0,HOUSTON ROCKETS,0.003,18.5,0.553,10.9,16.1,0.6,4.4,0.144
137,James Ennis III,25,7.6,4.6,4.4,2.0,8.9,0.1,0.769,10,False,40,2.4,10.9,0.0,18.3,['SMALL FORWARD'],ennisja01,5.1,MEMPHIS GRIZZLIES,0.615,10.0,0.46,10.3,21.8,0.1,0.1,0.1
406,Zach Randolph,34,12.9,0.6,-0.3,-1.7,20.7,1.5,0.238,68,False,2016,1.4,9.7,2.8,18.3,['POWER FORWARD'],randoza01,1.1,MEMPHIS GRIZZLIES,0.029,15.0,0.519,9.5,24.6,0.9,4.3,0.103
200,Tobias Harris,23,12.9,1.0,3.1,0.7,18.0,0.9,0.259,27,False,903,2.4,2.9,2.3,18.2,['POWER FORWARD'],harrito02,1.0,DETROIT PISTONS,0.253,10.2,0.577,7.2,20.2,1.2,3.3,0.174
245,Al Jefferson,31,11.8,3.0,-0.5,0.4,24.6,1.8,0.22,47,False,1096,-0.9,5.6,1.0,18.2,['CENTER'],jeffeal01,1.4,CHARLOTTE HORNETS,0.0,15.0,0.507,5.8,24.2,0.4,2.8,0.123
138,James Ennis III,25,10.3,0.9,1.2,-1.5,7.3,0.1,0.24,9,False,282,2.7,6.5,0.7,18.1,['SMALL FORWARD'],ennisja01,2.1,NEW ORLEANS PELICANS,0.5,6.9,0.647,13.3,20.0,0.2,0.8,0.139
87,Mario Chalmers,29,27.0,0.9,1.7,1.1,11.4,1.3,0.604,55,False,1253,0.6,2.0,2.4,18.0,['POINT GUARD'],chalmma01,3.3,MEMPHIS GRIZZLIES,0.335,6.5,0.57,16.2,22.3,1.2,3.7,0.141
28,D.J. Augustin,28,32.0,0.2,1.1,-1.6,8.4,0.3,0.41,28,False,659,2.7,0.5,1.6,18.0,['POINT GUARD'],augusdj01,1.9,DENVER NUGGETS,0.467,4.4,0.601,16.6,21.5,0.5,1.9,0.139
141,Tyreke Evans,26,34.6,0.9,1.7,-0.1,16.4,0.6,0.296,25,False,765,1.8,2.8,0.8,17.9,['SHOOTING GUARD'],evansty01,2.1,NEW ORLEANS PELICANS,0.271,9.3,0.534,17.1,24.7,0.7,1.4,0.087
462,Jeff Teague,27,34.4,0.8,1.3,-0.2,8.6,3.0,0.316,79,False,2255,1.5,1.6,2.8,17.9,['POINT GUARD'],teaguje01,2.1,ATLANTA HAWKS,0.278,5.2,0.551,16.2,26.6,1.9,5.9,0.125
167,Manu Ginóbili,38,23.6,0.8,3.6,2.2,11.7,2.3,0.257,58,False,1134,1.4,2.7,1.5,17.8,['SHOOTING GUARD'],ginobma01,3.0,SAN ANTONIO SPURS,0.411,7.3,0.573,17.0,23.6,1.6,3.8,0.16
41,Aron Baynes,29,6.6,3.2,-0.2,0.3,22.5,1.7,0.43,81,False,1233,-0.5,11.9,2.4,17.8,['CENTER'],baynear01,0.9,DETROIT PISTONS,0.005,17.0,0.563,12.8,18.5,0.6,4.1,0.158
520,Delon Wright,23,22.5,1.1,0.9,-0.3,14.3,0.2,0.438,27,False,229,1.1,4.1,0.3,17.8,['POINT GUARD'],wrighde01,1.8,TORONTO RAPTORS,0.163,9.3,0.54,14.4,22.1,0.2,0.6,0.124
397,Kristaps Porziņģis,20,7.9,5.0,0.9,0.3,20.7,2.9,0.271,72,False,2047,0.6,7.1,1.5,17.7,['POWER FORWARD'],porzikr01,1.3,NEW YORK KNICKS,0.274,14.0,0.518,10.9,24.6,1.5,4.4,0.102
142,Festus Ezeli,26,5.8,4.8,-0.1,0.4,21.9,1.3,0.579,46,False,770,-0.6,13.5,1.4,17.7,['CENTER'],ezelife01,1.1,GOLDEN STATE WARRIORS,0.0,18.0,0.559,11.7,18.2,0.4,2.7,0.171
320,CJ McCollum,24,21.6,0.6,1.3,-1.0,8.3,1.7,0.158,80,False,2780,2.3,1.8,4.4,17.7,['SHOOTING GUARD'],mccolcj01,1.7,PORTLAND TRAIL BLAZERS,0.33,5.0,0.544,11.4,27.1,2.3,6.0,0.104
512,Lou Williams,29,15.1,0.8,1.3,-1.1,8.1,0.3,0.612,67,False,1907,2.4,1.7,4.5,17.7,['SHOOTING GUARD'],willilo02,1.6,LOS ANGELES LAKERS,0.462,4.8,0.584,10.8,22.8,1.6,4.7,0.119
516,Jeff Withey,25,5.0,6.8,1.0,2.0,20.7,1.3,0.364,51,False,658,-1.0,10.0,1.1,17.7,['CENTER'],witheje01,1.7,UTAH JAZZ,0.012,15.4,0.577,13.0,15.1,0.5,2.3,0.171
161,Marc Gasol,31,18.9,3.6,1.7,0.9,20.2,1.9,0.347,52,False,1791,0.8,3.5,1.8,17.7,['CENTER'],gasolma01,1.4,MEMPHIS GRIZZLIES,0.004,11.5,0.528,12.7,23.4,1.7,3.7,0.098
146,Cristiano Felício,23,12.1,3.0,0.3,0.2,23.1,0.4,0.486,31,False,321,0.1,10.0,0.7,17.6,['CENTER'],feliccr01,0.9,CHICAGO BULLS,0.056,16.7,0.601,12.9,13.7,0.2,1.2,0.175
502,David West,35,15.4,3.0,2.9,2.6,18.6,2.9,0.179,78,False,1404,0.3,6.0,2.4,17.6,['POWER FORWARD'],westda01,1.6,SAN ANTONIO SPURS,0.016,12.5,0.573,12.3,18.0,1.7,5.4,0.184
12,Chris Andersen,37,12.2,6.4,4.5,3.3,18.3,0.1,0.4,7,False,36,1.2,9.8,0.1,17.6,['CENTER'],anderch01,1.4,MIAMI HEAT,0.5,14.2,0.553,14.5,17.5,0.1,0.1,0.165
421,Ricky Rubio,25,41.4,0.4,1.8,0.8,14.1,2.2,0.536,76,False,2323,1.0,2.0,3.6,17.6,['POINT GUARD'],rubiori01,3.5,MINNESOTA TIMBERWOLVES,0.324,8.2,0.529,21.0,17.7,2.3,5.8,0.119
301,Robin Lopez,27,8.5,4.4,-0.2,-0.5,16.2,2.1,0.243,82,False,2219,0.4,13.4,3.7,17.6,['CENTER'],lopezro01,0.4,NEW YORK KNICKS,0.002,14.8,0.574,15.4,17.7,1.0,5.8,0.126
168,Rudy Gobert,23,7.4,5.9,2.2,2.2,27.7,3.8,0.799,61,False,1932,0.0,12.6,2.6,17.5,['CENTER'],goberru01,1.2,UTAH JAZZ,0.0,20.2,0.582,19.2,14.2,2.0,6.4,0.16
373,Kyle O'Quinn,25,15.9,4.9,0.4,1.4,24.5,1.2,0.221,65,False,764,-1.0,11.0,0.5,17.5,['POWER FORWARD'],oquinky01,1.3,NEW YORK KNICKS,0.081,17.9,0.52,17.0,21.2,0.5,1.6,0.103
407,J.J. Redick,31,8.6,0.2,2.2,-1.1,6.6,1.4,0.233,75,False,2097,3.3,0.5,5.3,17.5,['SHOOTING GUARD'],redicjj01,1.0,LOS ANGELES CLIPPERS,0.478,3.6,0.632,7.4,22.6,2.2,6.7,0.154
525,Thaddeus Young,27,9.6,1.2,0.0,-0.1,23.0,2.2,0.169,73,False,2407,0.1,8.1,1.9,17.5,['POWER FORWARD'],youngth01,2.3,BROOKLYN NETS,0.031,15.4,0.533,11.6,21.6,1.2,4.1,0.081
394,Miles Plumlee,27,2.9,4.9,-1.5,-1.3,18.0,0.8,0.253,61,False,870,-0.2,12.5,1.4,17.4,['CENTER'],plumlmi01,1.2,MILWAUKEE BUCKS,0.0,15.2,0.606,13.4,15.5,0.1,2.2,0.124
38,Brandon Bass,30,9.2,3.2,0.6,0.0,15.0,0.7,0.467,66,False,1342,0.6,8.1,3.4,17.3,['POWER FORWARD'],bassbr01,1.2,LOS ANGELES LAKERS,0.006,11.4,0.619,9.9,13.9,0.9,4.1,0.146
1,Jordan Adams,21,31.9,0.0,6.9,9.4,15.9,0.0,0.833,2,False,15,-2.5,0.0,0.0,17.3,['SHOOTING GUARD'],adamsjo01,10.3,MEMPHIS GRIZZLIES,0.167,7.6,0.427,19.6,30.5,0.0,0.0,0.015
458,Amar'e Stoudemire,33,5.6,4.1,-0.6,0.6,22.6,1.3,0.303,52,False,762,-1.3,10.0,1.1,17.3,['CENTER'],stoudam01,1.2,MIAMI HEAT,0.0,16.5,0.599,15.8,17.8,0.3,2.4,0.15
393,Mason Plumlee,25,16.2,3.2,1.5,1.6,22.2,2.7,0.648,82,False,2084,0.0,10.4,3.4,17.2,['CENTER'],plumlma01,1.6,PORTLAND TRAIL BLAZERS,0.008,16.3,0.564,18.8,17.1,1.9,6.1,0.14
510,Derrick Williams,24,8.9,0.5,0.3,-1.2,18.7,1.2,0.453,80,False,1435,1.5,3.6,2.4,17.2,['SMALL FORWARD'],willide02,1.0,NEW YORK KNICKS,0.265,11.3,0.55,8.3,23.3,0.8,3.6,0.12
18,Ryan Anderson,27,6.1,1.0,-0.2,-2.4,15.2,0.8,0.245,66,False,2008,2.2,7.0,3.1,17.2,['POWER FORWARD'],anderry01,0.9,NEW ORLEANS PELICANS,0.385,10.9,0.546,8.0,24.7,0.9,3.9,0.092
449,Marreese Speights,28,11.4,3.0,-3.7,-1.5,19.8,1.2,0.25,72,False,832,-2.3,10.6,0.5,17.1,['CENTER'],speigma01,1.1,GOLDEN STATE WARRIORS,0.136,15.5,0.506,11.5,29.7,-0.4,1.8,0.102
453,Lance Stephenson,25,19.2,0.8,-0.5,-1.3,16.2,0.5,0.263,26,False,692,0.8,3.3,0.8,17.1,['SMALL FORWARD'],stephla01,1.4,MEMPHIS GRIZZLIES,0.101,9.5,0.537,11.8,25.3,0.3,1.2,0.086
374,Jahlil Okafor,20,8.2,2.9,-2.3,-1.8,17.8,0.9,0.248,53,False,1591,-0.5,8.1,0.3,17.1,['CENTER'],okafoja01,0.7,PHILADELPHIA 76ERS,0.008,12.8,0.536,12.5,27.3,-0.1,1.2,0.037
122,Gorgui Dieng,26,10.1,3.5,0.8,0.8,22.1,2.5,0.428,82,False,2220,-0.1,8.3,3.4,17.1,['CENTER'],dienggo01,2.1,MINNESOTA TIMBERWOLVES,0.035,15.3,0.601,16.9,16.7,1.5,5.9,0.127
171,Aaron Gordon,20,10.3,2.4,1.0,0.1,21.3,2.2,0.333,78,False,1863,0.9,9.0,3.2,17.0,['POWER FORWARD'],gordoaa01,1.6,ORLANDO MAGIC,0.245,15.1,0.541,9.0,17.3,1.4,5.4,0.139
115,Dewayne Dedmon,26,2.7,5.4,-0.9,0.7,25.7,1.1,0.429,58,False,705,-1.6,10.4,1.2,17.0,['CENTER'],dedmode01,1.6,ORLANDO MAGIC,0.0,17.9,0.606,13.2,15.2,0.2,2.4,0.162
129,Tim Duncan,39,15.3,3.9,3.0,3.1,23.8,3.6,0.297,61,False,1536,-0.1,8.8,1.6,16.9,['CENTER'],duncati01,1.6,SAN ANTONIO SPURS,0.005,16.6,0.523,15.3,17.6,2.0,5.2,0.163
275,Michael Kidd-Gilchrist,22,7.3,1.2,0.0,-0.2,17.8,0.2,0.475,7,False,205,0.2,6.3,0.4,16.9,['SMALL FORWARD'],kiddgmi01,0.7,CHARLOTTE HORNETS,0.115,12.0,0.603,9.8,18.0,0.1,0.6,0.152
417,Rajon Rondo,29,48.0,0.3,1.0,0.0,15.2,2.3,0.192,72,False,2537,1.0,3.3,2.3,16.9,['POINT GUARD'],rondora01,2.7,SACRAMENTO KINGS,0.217,9.3,0.506,24.7,18.8,1.9,4.6,0.087
513,Marvin Williams,29,7.6,2.7,2.7,0.5,18.6,3.2,0.193,81,False,2338,2.1,5.9,4.7,16.8,['POWER FORWARD'],willima02,1.2,CHARLOTTE HORNETS,0.506,12.2,0.585,7.1,16.8,2.7,7.8,0.161
398,Dwight Powell,24,7.2,2.0,0.1,0.7,20.9,1.3,0.48,69,False,992,-0.6,9.3,1.8,16.8,['POWER FORWARD'],poweldw01,1.8,DALLAS MAVERICKS,0.054,15.1,0.557,10.0,18.4,0.5,3.1,0.151
334,Khris Middleton,24,18.9,0.6,0.6,-0.5,10.2,1.8,0.273,79,False,2852,1.2,1.8,4.3,16.8,['SHOOTING GUARD'],middlkh01,2.3,MILWAUKEE BUCKS,0.316,6.0,0.56,12.3,23.0,1.9,6.1,0.103
332,Salah Mejri,29,3.9,7.6,0.2,1.8,22.6,0.7,0.59,34,False,397,-1.6,11.4,0.6,16.8,['CENTER'],mejrisa01,1.0,DALLAS MAVERICKS,0.013,17.0,0.636,19.0,14.0,0.2,1.3,0.156
212,Nenê,33,14.1,1.9,0.4,1.6,21.6,1.6,0.482,57,False,1094,-1.3,5.2,1.1,16.8,['POWER FORWARD'],hilarne01,2.4,WASHINGTON WIZARDS,0.008,13.2,0.564,14.0,21.6,0.6,2.7,0.12
460,Jared Sullinger,23,15.5,1.9,0.6,0.7,27.0,3.6,0.2,81,False,1915,0.0,10.6,1.3,16.7,['POWER FORWARD'],sullija01,1.9,BOSTON CELTICS,0.128,18.7,0.476,10.4,21.8,1.3,4.8,0.121
375,Victor Oladipo,23,18.6,1.9,1.7,0.9,14.0,2.7,0.255,72,False,2379,0.9,2.2,2.2,16.7,['SHOOTING GUARD'],oladivi01,2.4,ORLANDO MAGIC,0.291,8.0,0.534,12.4,22.9,2.3,4.9,0.099
277,Sean Kilpatrick,26,8.4,0.3,-1.9,-3.4,8.6,0.0,0.237,23,False,534,1.5,2.1,0.9,16.7,['SHOOTING GUARD'],kilpase01,0.9,BROOKLYN NETS,0.39,5.3,0.578,8.9,25.2,0.0,0.9,0.082
307,Ian Mahinmi,29,8.9,3.3,0.9,1.9,22.1,3.3,0.502,71,False,1816,-0.9,8.3,2.9,16.6,['CENTER'],mahinia01,1.8,INDIANA PACERS,0.0,15.3,0.603,15.5,15.7,1.4,6.2,0.163
506,Andrew Wiggins,20,10.1,1.3,-1.3,-2.2,7.5,0.7,0.437,81,False,2845,0.9,4.3,3.4,16.5,['SMALL FORWARD'],wiggian01,1.4,MINNESOTA TIMBERWOLVES,0.147,5.9,0.543,10.6,27.2,0.5,4.1,0.069
214,Jordan Hill,28,9.5,2.0,-0.7,0.0,21.2,2.3,0.228,73,False,1513,-0.7,11.3,1.6,16.4,['CENTER'],hilljo01,1.2,INDIANA PACERS,0.002,16.3,0.534,13.2,20.3,0.5,3.9,0.124
517,Christian Wood,20,3.5,3.7,-0.2,-0.6,19.4,0.1,0.396,17,False,145,0.4,9.4,0.2,16.4,['POWER FORWARD'],woodch01,1.7,PHILADELPHIA 76ERS,0.208,14.3,0.49,3.1,19.4,0.1,0.3,0.097
376,Kelly Olynyk,24,11.9,1.8,1.9,0.8,16.2,2.0,0.23,69,False,1395,1.2,5.4,2.1,16.3,['CENTER'],olynyke01,1.8,BOSTON CELTICS,0.378,10.7,0.561,10.8,20.9,1.4,4.1,0.141
441,Ish Smith,27,39.1,0.8,0.3,-0.5,14.5,0.4,0.189,27,False,617,0.9,2.4,0.5,16.3,['POINT GUARD'],smithis01,1.9,NEW ORLEANS PELICANS,0.145,8.3,0.484,15.4,20.9,0.4,0.9,0.07
381,Tony Parker,33,29.1,0.4,0.4,0.2,8.8,2.9,0.241,72,False,1980,0.2,1.0,2.9,16.2,['POINT GUARD'],parketo01,1.4,SAN ANTONIO SPURS,0.092,5.1,0.546,14.3,21.2,1.2,5.8,0.142
463,Mirza Teletović,30,9.1,1.0,1.3,-1.4,16.3,0.9,0.199,79,False,1686,2.8,3.5,2.9,16.2,['POWER FORWARD'],teletmi01,0.9,PHOENIX SUNS,0.592,9.7,0.571,9.0,23.4,1.4,3.8,0.109
382,Chandler Parsons,27,16.0,1.0,2.0,0.2,15.6,1.6,0.209,61,False,1799,1.8,1.8,2.6,16.2,['SMALL FORWARD'],parsoch01,1.3,DALLAS MAVERICKS,0.386,8.7,0.589,11.8,20.5,1.8,4.3,0.114
295,Jon Leuer,26,9.6,2.0,0.0,0.0,26.3,1.3,0.217,67,False,1255,0.1,6.4,1.4,16.2,['POWER FORWARD'],leuerjo01,1.5,PHOENIX SUNS,0.236,16.1,0.555,12.8,19.8,0.6,2.7,0.103
378,Zaza Pachulia,31,9.7,0.9,-0.2,0.1,25.7,2.7,0.587,76,False,2004,-0.3,13.7,3.4,16.2,['CENTER'],pachuza01,1.6,DALLAS MAVERICKS,0.006,19.7,0.55,16.8,16.2,0.9,6.0,0.145
365,Nerlens Noel,21,10.5,3.9,-0.2,1.5,22.2,2.8,0.387,67,False,1965,-1.7,8.2,0.3,16.2,['CENTER'],noelne01,2.9,PHILADELPHIA 76ERS,0.003,15.0,0.544,18.7,18.8,0.9,3.0,0.074
526,Cody Zeller,23,6.3,2.9,-0.1,1.0,19.7,2.7,0.531,73,False,1774,-1.1,8.4,3.6,16.1,['CENTER'],zelleco01,1.6,CHARLOTTE HORNETS,0.023,14.0,0.592,11.2,15.4,0.9,6.3,0.169
253,Amir Johnson,28,11.4,3.6,1.2,1.6,19.6,2.9,0.284,79,False,1800,-0.4,10.3,3.0,16.0,['POWER FORWARD'],johnsam01,1.4,BOSTON CELTICS,0.101,14.9,0.602,16.4,13.6,1.4,5.9,0.158
37,Will Barton,25,14.4,1.3,0.8,-0.4,20.0,1.9,0.273,82,False,2353,1.2,2.7,2.4,16.0,['SHOOTING GUARD'],bartowi01,1.5,DENVER NUGGETS,0.331,11.2,0.535,11.2,23.0,1.7,4.3,0.088
455,Alex Stepheson,28,5.2,4.6,-2.4,-3.1,15.6,0.1,0.385,4,False,61,0.7,32.3,0.0,15.9,['POWER FORWARD'],stephal01,0.8,MEMPHIS GRIZZLIES,0.0,24.3,0.329,0.0,22.4,0.0,0.1,0.059
55,Andrew Bogut,31,14.8,5.8,2.4,3.2,26.0,2.9,0.179,70,False,1451,-0.9,9.5,2.6,15.9,['CENTER'],bogutan01,1.1,GOLDEN STATE WARRIORS,0.004,18.3,0.623,21.6,11.4,1.6,5.4,0.18
281,Jeremy Lamb,23,10.9,2.0,0.8,0.7,18.7,1.8,0.173,66,False,1227,0.1,3.9,1.0,15.9,['SHOOTING GUARD'],lambje01,1.7,CHARLOTTE HORNETS,0.355,11.2,0.529,8.4,22.0,0.9,2.7,0.107
225,Richaun Holmes,22,8.0,4.3,-1.5,-0.4,11.7,0.5,0.333,51,False,702,-1.1,9.3,1.0,15.9,['POWER FORWARD'],holmeri01,1.3,PHILADELPHIA 76ERS,0.198,10.5,0.564,11.2,17.9,0.1,1.5,0.103
472,Tristan Thompson,24,4.0,1.8,0.2,-0.3,23.3,3.1,0.576,82,False,2269,0.5,13.5,5.6,15.9,['POWER FORWARD'],thomptr01,0.9,CLEVELAND CAVALIERS,0.0,18.4,0.611,10.4,11.7,1.2,8.7,0.185
433,Ramon Sessions,29,22.0,0.2,-0.3,-0.5,12.2,1.3,0.478,82,False,1667,0.2,1.6,2.5,15.9,['POINT GUARD'],sessira01,1.3,WASHINGTON WIZARDS,0.188,6.8,0.565,13.8,21.8,0.7,3.8,0.109
370,Jusuf Nurkić,21,12.3,6.5,-2.9,0.7,22.7,0.9,0.409,32,False,547,-3.6,12.9,-0.5,15.9,['CENTER'],nurkiju01,2.2,DENVER NUGGETS,0.012,17.7,0.46,16.1,27.2,-0.1,0.4,0.031
94,Darren Collison,28,21.7,0.1,0.1,-0.8,6.8,0.7,0.291,74,False,2219,0.9,1.4,4.5,15.9,['POINT GUARD'],collida01,1.6,SACRAMENTO KINGS,0.28,4.1,0.591,12.9,19.2,1.2,5.2,0.113
317,James Michael McAdoo,23,9.2,2.2,-1.8,-0.3,10.9,0.3,0.583,41,False,262,-1.5,13.1,0.5,15.9,['POWER FORWARD'],mcadoja01,1.8,GOLDEN STATE WARRIORS,0.024,11.9,0.554,13.2,20.1,0.0,0.8,0.146
210,J.J. Hickson,27,8.7,3.2,-1.1,0.4,24.0,0.4,0.541,20,False,305,-1.6,7.9,0.1,15.8,['CENTER'],hicksjj01,1.6,DENVER NUGGETS,0.0,15.8,0.508,10.6,21.6,0.1,0.5,0.077
105,Jae Crowder,25,8.9,1.2,2.2,1.4,14.2,3.5,0.294,73,False,2308,0.8,3.2,3.8,15.8,['SMALL FORWARD'],crowdja01,2.7,BOSTON CELTICS,0.446,8.6,0.565,8.3,18.5,2.5,7.3,0.152
496,T.J. Warren,22,7.2,1.2,-0.5,-0.9,9.3,0.6,0.145,47,False,1070,0.5,5.7,1.7,15.7,['SMALL FORWARD'],warretj01,1.7,PHOENIX SUNS,0.159,7.5,0.549,6.4,19.9,0.4,2.2,0.101
166,Taj Gibson,30,8.3,2.9,0.0,0.4,15.9,2.2,0.292,73,False,1936,-0.4,11.4,3.2,15.7,['POWER FORWARD'],gibsota01,1.2,CHICAGO BULLS,0.006,13.7,0.556,12.1,14.6,1.0,5.4,0.133
284,Joffrey Lauvergne,24,9.1,1.2,-1.6,-1.3,23.1,0.7,0.182,59,False,1041,-0.3,8.1,1.6,15.7,['CENTER'],lauvejo01,0.6,DENVER NUGGETS,0.139,15.4,0.567,11.6,19.5,0.1,2.3,0.105
39,Nicolas Batum,27,26.9,1.4,1.2,0.1,16.8,2.9,0.22,70,False,2448,1.1,2.4,2.0,15.6,['SMALL FORWARD'],batumni01,1.3,CHARLOTTE HORNETS,0.457,9.6,0.546,17.6,21.4,2.0,5.0,0.097
342,Nikola Mirotić,24,9.4,2.0,1.5,0.4,19.1,2.2,0.297,66,False,1646,1.0,3.8,1.8,15.6,['POWER FORWARD'],mirotni01,1.8,CHICAGO BULLS,0.568,11.6,0.564,12.9,21.1,1.5,3.9,0.115
366,Lucas Nogueira,23,4.9,4.4,0.0,1.7,14.0,0.4,0.341,29,False,225,-1.7,9.3,0.3,15.6,['CENTER'],noguelu01,2.8,TORONTO RAPTORS,0.068,11.7,0.642,17.9,12.4,0.1,0.7,0.154
474,Marcus Thornton,28,13.4,0.4,0.8,0.4,14.3,0.3,0.196,14,False,224,0.4,3.4,0.1,15.5,['SHOOTING GUARD'],thornma01,2.8,WASHINGTON WIZARDS,0.505,8.7,0.508,8.6,24.8,0.2,0.4,0.08
43,Bradley Beal,22,15.6,0.5,0.3,-0.9,9.8,1.3,0.22,55,False,1708,1.2,2.6,1.4,15.5,['SHOOTING GUARD'],bealbr01,1.5,WASHINGTON WIZARDS,0.339,6.2,0.547,11.3,25.3,1.0,2.7,0.076
428,Dennis Schröder,22,36.1,0.4,-0.8,-0.4,11.8,2.3,0.233,80,False,1621,-0.3,1.7,-0.2,15.5,['POINT GUARD'],schrode01,2.1,ATLANTA HAWKS,0.306,6.9,0.51,17.5,28.8,0.5,2.2,0.064
125,Goran Dragić,29,28.7,0.6,-0.4,-0.5,10.4,2.3,0.189,72,False,2363,0.1,2.7,2.4,15.5,['POINT GUARD'],dragigo01,1.5,MIAMI HEAT,0.234,6.6,0.537,16.3,21.9,1.0,4.7,0.096
2,Steven Adams,22,4.3,3.3,0.2,0.2,16.1,2.3,0.46,80,False,2014,0.0,12.5,4.2,15.5,['CENTER'],adamsst01,1.0,OKLAHOMA CITY THUNDER,0.0,14.4,0.621,14.1,12.6,1.1,6.5,0.155
163,Rudy Gay,29,8.0,1.7,-0.3,-0.3,15.9,2.1,0.252,70,False,2379,-0.1,4.7,1.8,15.5,['SMALL FORWARD'],gayru01,2.0,SACRAMENTO KINGS,0.214,10.4,0.538,11.1,22.4,1.0,3.8,0.078
290,David Lee,32,18.3,2.2,0.0,0.7,20.4,0.7,0.266,30,False,470,-0.7,9.1,0.2,15.5,['POWER FORWARD'],leeda02,1.2,BOSTON CELTICS,0.005,14.7,0.499,15.1,22.9,0.2,0.9,0.092
527,Tyler Zeller,26,6.6,2.4,-3.3,-1.2,17.6,0.9,0.372,60,False,710,-2.1,9.1,0.8,15.4,['CENTER'],zellety01,0.7,BOSTON CELTICS,0.0,13.3,0.539,12.0,23.0,-0.2,1.7,0.114
480,Myles Turner,19,5.0,5.1,-1.6,0.6,21.0,2.3,0.228,60,False,1367,-2.2,5.5,0.8,15.4,['CENTER'],turnemy01,0.9,INDIANA PACERS,0.026,13.3,0.531,10.3,20.9,0.1,3.1,0.109
305,Shelvin Mack,25,36.9,0.0,-2.9,-1.0,11.9,0.3,0.126,24,False,179,-1.9,1.2,-0.1,15.4,['POINT GUARD'],macksh01,2.2,ATLANTA HAWKS,0.284,6.7,0.464,12.3,28.5,0.0,0.2,0.045
33,J.J. Barea,31,31.5,0.1,0.0,-1.6,8.3,0.7,0.135,74,False,1667,1.6,1.7,2.1,15.4,['POINT GUARD'],bareajo01,0.8,DALLAS MAVERICKS,0.366,5.0,0.536,13.0,23.8,0.9,2.8,0.082
333,Jordan Mickey,21,2.6,15.1,-1.5,1.1,13.3,0.1,0.455,16,False,57,-2.6,11.0,0.0,15.3,['POWER FORWARD'],mickejo01,0.0,BOSTON CELTICS,0.0,12.1,0.398,3.6,20.5,0.0,0.1,0.068
85,Willie Cauley-Stein,22,3.8,3.8,-0.8,0.1,16.6,1.4,0.369,66,False,1412,-0.8,10.3,2.4,15.3,['CENTER'],caulewi01,1.6,SACRAMENTO KINGS,0.006,13.5,0.588,10.5,13.2,0.4,3.8,0.13
355,Shabazz Muhammad,23,5.2,0.3,-2.5,-3.1,11.4,0.2,0.355,82,False,1682,0.6,7.0,2.6,15.2,['SMALL FORWARD'],muhamsh01,0.7,MINNESOTA TIMBERWOLVES,0.223,9.2,0.548,8.2,22.8,-0.2,2.7,0.077
257,Joe Johnson,34,17.9,0.2,-0.1,-1.0,7.6,0.6,0.135,24,False,769,0.8,2.3,1.3,15.2,['SMALL FORWARD'],johnsjo02,1.4,MIAMI HEAT,0.335,5.0,0.603,13.9,18.4,0.4,2.0,0.123
13,Chris Andersen,37,3.7,2.5,0.4,-0.3,18.2,0.4,0.516,20,False,366,0.6,9.9,0.7,15.1,['CENTER'],anderch01,2.0,MEMPHIS GRIZZLIES,0.145,13.9,0.605,8.4,10.2,0.2,1.1,0.148
280,Kosta Koufos,26,3.3,3.8,-2.0,-0.6,18.4,1.4,0.234,78,False,1482,-1.3,12.4,2.1,15.1,['CENTER'],koufoko01,1.3,SACRAMENTO KINGS,0.0,15.4,0.54,8.9,15.4,0.0,3.5,0.113
119,Luol Deng,30,9.0,0.9,0.8,0.2,15.4,2.8,0.258,74,False,2394,0.7,5.3,3.5,15.0,['POWER FORWARD'],denglu01,1.6,MIAMI HEAT,0.344,10.5,0.549,8.9,17.4,1.7,6.4,0.128
199,Tobias Harris,23,9.3,1.4,0.6,0.1,18.9,1.6,0.283,49,False,1610,0.5,4.8,1.7,15.0,['POWER FORWARD'],harrito02,1.5,ORLANDO MAGIC,0.279,11.8,0.55,11.4,18.9,1.0,3.3,0.099
233,Kris Humphries,30,6.9,1.9,-1.4,0.8,18.5,0.5,0.446,21,False,295,-2.2,7.6,0.4,14.9,['POWER FORWARD'],humphkr01,1.7,ATLANTA HAWKS,0.307,13.1,0.555,10.4,20.4,0.0,0.9,0.143
111,Troy Daniels,24,7.6,0.5,0.7,-1.0,11.6,0.4,0.048,43,False,476,1.8,1.6,0.6,14.9,['SHOOTING GUARD'],danietr01,1.2,CHARLOTTE HORNETS,0.652,6.5,0.634,11.2,20.4,0.3,1.1,0.11
157,Channing Frye,32,9.1,1.5,1.0,-0.2,20.4,0.6,0.087,26,False,446,1.3,3.1,0.9,14.9,['CENTER'],fryech01,0.9,CLEVELAND CAVALIERS,0.708,11.8,0.586,7.2,18.3,0.3,1.5,0.157
67,Kobe Bryant,37,19.1,0.5,-1.6,-2.4,12.3,0.5,0.252,66,False,1863,0.9,2.3,-0.9,14.9,['SMALL FORWARD'],bryanko01,1.7,LOS ANGELES LAKERS,0.42,7.1,0.469,9.4,32.2,0.2,-0.4,-0.01
48,Bismack Biyombo,23,2.4,6.1,-0.2,1.1,29.5,3.1,0.785,82,False,1808,-1.3,11.7,2.8,14.9,['CENTER'],biyombi01,0.5,TORONTO RAPTORS,0.003,20.8,0.586,15.5,11.5,0.8,5.9,0.156
363,Andrew Nicholson,26,4.8,2.2,-1.1,-1.1,22.8,0.8,0.21,56,False,823,0.0,4.5,0.8,14.8,['POWER FORWARD'],nichoan01,0.6,ORLANDO MAGIC,0.368,13.5,0.567,10.8,20.4,0.2,1.6,0.092
380,Jabari Parker,20,8.9,1.0,-2.0,-1.6,12.8,1.2,0.254,76,False,2408,-0.4,5.9,2.4,14.8,['POWER FORWARD'],parkeja01,1.5,MILWAUKEE BUCKS,0.039,9.4,0.535,10.4,20.9,0.0,3.6,0.072
470,Jason Thompson,29,5.3,3.4,-0.6,0.6,22.4,0.4,0.333,19,False,292,-1.2,8.8,0.6,14.7,['CENTER'],thompja02,1.4,TORONTO RAPTORS,0.227,15.7,0.575,9.6,13.0,0.1,1.0,0.163
278,Brandon Knight,24,24.4,0.9,-0.6,-1.5,9.9,0.9,0.204,52,False,1870,0.9,2.0,0.7,14.7,['SHOOTING GUARD'],knighbr03,1.6,PHOENIX SUNS,0.392,5.9,0.522,15.4,26.2,0.6,1.7,0.043
238,Ersan İlyasova,28,4.0,1.1,-2.4,-1.9,19.1,0.5,0.294,22,False,447,-0.5,11.0,0.6,14.7,['POWER FORWARD'],ilyaser01,1.6,ORLANDO MAGIC,0.288,15.0,0.515,6.5,18.3,0.0,1.1,0.117
0,Quincy Acy,25,4.4,2.2,-0.1,0.2,15.1,0.7,0.318,59,False,876,-0.2,8.1,1.8,14.7,['POWER FORWARD'],acyqu01,1.6,SACRAMENTO KINGS,0.229,11.6,0.629,10.0,13.1,0.4,2.5,0.137
88,Tyson Chandler,33,6.0,2.2,-1.1,-0.2,27.5,1.6,0.545,66,False,1618,-0.8,11.5,2.1,14.7,['CENTER'],chandty01,1.1,PHOENIX SUNS,0.003,19.3,0.606,19.3,12.7,0.4,3.8,0.112
124,Toney Douglas,29,19.1,0.3,0.0,0.4,10.7,0.9,0.222,61,False,1262,-0.4,2.1,1.6,14.7,['POINT GUARD'],douglto01,2.8,NEW ORLEANS PELICANS,0.456,6.3,0.543,11.6,19.4,0.6,2.5,0.094
180,Erick Green,24,9.6,0.0,-0.6,-0.2,6.7,0.0,0.167,6,False,35,-0.4,10.1,0.1,14.7,['POINT GUARD'],greener01,1.5,UTAH JAZZ,0.333,8.3,0.505,0.0,17.0,0.0,0.1,0.162
182,JaMychal Green,25,7.7,2.1,-2.5,-1.0,19.3,1.4,0.277,78,False,1446,-1.5,10.5,1.2,14.6,['POWER FORWARD'],greenja01,1.6,MEMPHIS GRIZZLIES,0.091,14.7,0.52,13.0,19.8,-0.2,2.6,0.086
444,Jason Smith,29,8.6,4.6,-2.2,0.3,15.8,1.4,0.133,76,False,1181,-2.5,4.9,0.4,14.6,['CENTER'],smithja02,1.4,ORLANDO MAGIC,0.032,10.3,0.513,9.7,22.1,-0.1,1.8,0.072
339,Patty Mills,27,20.1,0.3,1.5,0.7,8.7,2.6,0.095,81,False,1662,0.8,1.9,2.2,14.6,['POINT GUARD'],millspa02,1.8,SAN ANTONIO SPURS,0.523,5.4,0.541,10.7,19.7,1.5,4.8,0.139
473,Marcus Thornton,28,12.8,0.3,-0.8,-1.9,10.5,0.4,0.133,47,False,885,1.1,3.8,0.9,14.6,['SHOOTING GUARD'],thornma01,1.9,HOUSTON ROCKETS,0.497,7.2,0.512,8.0,24.3,0.2,1.3,0.072
148,Evan Fournier,23,12.8,0.1,-0.3,-0.5,8.4,1.7,0.256,79,False,2566,0.1,1.4,4.0,14.6,['SMALL FORWARD'],fournev01,1.9,ORLANDO MAGIC,0.42,4.9,0.587,11.4,20.1,1.1,5.7,0.106
195,Montrezl Harrell,22,7.2,2.4,-0.6,-0.1,11.7,0.2,0.511,39,False,379,-0.5,7.2,0.7,14.6,['POWER FORWARD'],harremo01,1.4,HOUSTON ROCKETS,0.011,9.5,0.635,13.4,14.5,0.1,0.9,0.118
509,Deron Williams,31,29.3,0.6,-0.3,-0.7,8.9,1.4,0.266,65,False,2106,0.4,1.0,2.2,14.6,['POINT GUARD'],willide01,1.5,DALLAS MAVERICKS,0.364,5.0,0.53,14.8,22.0,0.9,3.7,0.083
353,Timofey Mozgov,29,3.9,3.5,-1.4,0.3,19.2,1.9,0.265,76,False,1326,-1.7,9.5,1.8,14.6,['CENTER'],mozgoti01,0.9,CLEVELAND CAVALIERS,0.019,14.4,0.593,15.0,16.1,0.2,3.7,0.133
321,T.J. McConnell,23,37.2,0.5,-1.2,0.3,14.5,1.4,0.088,81,False,1606,-1.5,2.8,0.6,14.5,['POINT GUARD'],mccontj01,2.9,PHILADELPHIA 76ERS,0.192,8.5,0.511,22.5,17.0,0.3,1.9,0.058
242,Jarrett Jack,32,35.0,0.6,-0.7,-0.7,14.1,0.4,0.313,32,False,1027,0.0,1.0,0.5,14.5,['POINT GUARD'],jackja01,1.7,BROOKLYN NETS,0.285,7.4,0.505,18.8,21.7,0.3,0.9,0.043
416,Thomas Robinson,24,7.7,3.2,-3.8,-1.1,27.8,1.1,0.375,71,False,917,-2.7,16.4,-0.5,14.5,['POWER FORWARD'],robinth01,2.1,BROOKLYN NETS,0.003,22.0,0.453,16.9,19.8,-0.4,0.6,0.033
395,Otto Porter Jr.,22,7.9,1.1,1.1,0.8,14.7,2.7,0.176,75,False,2276,0.3,4.7,3.0,14.5,['SMALL FORWARD'],porteot01,2.2,WASHINGTON WIZARDS,0.372,9.6,0.564,8.3,16.2,1.8,5.6,0.119
461,Edy Tavares,23,6.3,6.5,-1.8,1.1,20.5,0.1,0.421,11,False,73,-2.9,10.7,0.0,14.4,['CENTER'],tavarwa01,0.7,ATLANTA HAWKS,0.0,15.7,0.555,18.2,16.9,0.0,0.2,0.106
442,Ish Smith,27,37.9,0.8,-2.3,-1.6,12.8,0.9,0.18,50,False,1622,-0.7,1.9,-0.6,14.4,['POINT GUARD'],smithis01,1.9,PHILADELPHIA 76ERS,0.185,7.1,0.46,14.0,25.0,-0.1,0.4,0.011
58,Trevor Booker,28,8.2,2.1,0.0,1.0,20.4,2.6,0.273,79,False,1632,-1.0,11.9,1.8,14.4,['POWER FORWARD'],booketr01,1.9,UTAH JAZZ,0.106,16.2,0.533,15.7,14.6,0.8,4.3,0.128
285,Zach LaVine,20,18.6,0.6,-1.5,-1.6,10.1,0.7,0.212,82,False,2294,0.2,1.4,1.9,14.3,['SHOOTING GUARD'],lavinza01,1.5,MINNESOTA TIMBERWOLVES,0.33,5.8,0.548,12.9,23.5,0.3,2.6,0.054
92,Jordan Clarkson,23,13.8,0.2,-1.6,-1.5,9.6,0.4,0.186,79,False,2552,-0.1,3.8,1.7,14.3,['SHOOTING GUARD'],clarkjo01,1.7,LOS ANGELES LAKERS,0.291,6.6,0.516,10.2,22.8,0.2,2.1,0.039
72,Alec Burks,24,13.9,0.4,-0.4,-0.6,13.6,0.8,0.422,31,False,797,0.2,2.4,0.7,14.3,['SHOOTING GUARD'],burksal01,1.2,UTAH JAZZ,0.237,8.0,0.52,11.4,25.9,0.3,1.5,0.09
251,Brandon Jennings,26,32.4,0.9,-0.8,-1.2,9.7,0.4,0.248,25,False,452,0.3,2.7,0.3,14.3,['POINT GUARD'],jennibr01,2.0,ORLANDO MAGIC,0.484,6.1,0.49,16.4,20.9,0.1,0.7,0.071
224,Rondae Hollis-Jefferson,21,10.1,2.1,0.8,2.2,21.4,0.7,0.377,29,False,615,-1.4,7.0,0.5,14.2,['SMALL FORWARD'],holliro01,3.2,BROOKLYN NETS,0.101,14.1,0.519,13.9,13.5,0.4,1.2,0.094
329,Jordan McRae,24,22.3,0.7,-2.4,-3.0,9.9,0.1,0.25,15,False,113,0.7,2.0,0.1,14.2,['POINT GUARD'],mcraejo01,0.0,CLEVELAND CAVALIERS,0.212,6.0,0.537,13.5,26.7,0.0,0.2,0.081
328,Jordan McRae,24,19.1,0.0,-1.1,-0.2,8.1,0.0,0.577,7,False,82,-0.9,2.6,0.1,14.2,['POINT GUARD'],mcraejo01,1.8,PHOENIX SUNS,0.423,5.3,0.567,15.5,20.0,0.0,0.2,0.096
56,Matt Bonner,35,6.3,0.4,2.2,1.0,12.8,0.3,0.07,30,False,206,1.2,1.7,0.4,14.1,['CENTER'],bonnema01,1.5,SAN ANTONIO SPURS,0.596,7.5,0.647,4.9,13.7,0.2,0.8,0.181
22,Joel Anthony,33,1.4,9.5,0.4,3.3,15.4,0.2,0.8,19,False,96,-2.9,8.8,0.2,14.1,['CENTER'],anthojo01,1.1,DETROIT PISTONS,0.0,11.9,0.666,12.9,7.0,0.1,0.4,0.177
237,Ersan İlyasova,28,6.1,1.4,0.5,0.1,14.5,1.5,0.215,52,False,1434,0.4,7.3,1.8,14.1,['POWER FORWARD'],ilyaser01,1.3,DETROIT PISTONS,0.423,10.7,0.53,9.6,18.7,0.9,3.3,0.111
226,Rodney Hood,23,14.4,0.5,0.7,0.0,10.5,2.5,0.206,79,False,2541,0.7,1.8,3.4,14.1,['SHOOTING GUARD'],hoodro01,1.5,UTAH JAZZ,0.462,6.1,0.542,10.5,21.5,1.7,6.0,0.112
364,Joakim Noah,30,24.2,3.3,1.6,3.1,27.3,1.1,0.338,29,False,635,-1.5,14.7,0.0,14.1,['CENTER'],noahjo01,1.4,CHICAGO BULLS,0.008,21.1,0.406,25.4,14.2,0.6,1.1,0.079
311,Jarell Martin,21,6.4,1.7,-3.7,-1.8,14.7,0.2,0.534,27,False,380,-2.0,11.2,0.5,14.0,['POWER FORWARD'],martija01,1.1,MEMPHIS GRIZZLIES,0.017,12.9,0.534,11.7,19.2,-0.2,0.8,0.1
121,Boris Diaw,33,18.4,1.2,0.8,0.9,13.9,2.2,0.198,76,False,1386,-0.1,4.9,1.6,14.0,['POWER FORWARD'],diawbo01,1.0,SAN ANTONIO SPURS,0.18,9.6,0.582,18.9,17.0,1.0,3.8,0.132
335,C.J. Miles,28,7.0,1.6,0.5,-0.1,11.1,1.9,0.196,64,False,1464,0.6,1.9,1.2,14.0,['SMALL FORWARD'],milescj01,1.8,INDIANA PACERS,0.61,6.5,0.547,9.2,22.8,0.9,3.1,0.103
104,Jamal Crawford,35,14.0,0.4,-1.4,-1.5,6.3,1.5,0.289,79,False,2126,0.1,1.0,1.8,14.0,['SHOOTING GUARD'],crawfja01,1.2,LOS ANGELES CLIPPERS,0.366,3.7,0.529,9.6,24.9,0.3,3.3,0.076
71,Trey Burke,23,19.7,0.4,-0.5,-1.2,8.0,1.2,0.129,64,False,1366,0.7,1.5,0.9,14.0,['POINT GUARD'],burketr01,1.4,UTAH JAZZ,0.404,4.8,0.507,10.7,25.3,0.5,2.1,0.074
430,Mike Scott,27,10.5,1.2,-0.1,0.0,14.2,1.5,0.168,75,False,1146,-0.1,5.2,1.7,14.0,['POWER FORWARD'],scottmi01,1.1,ATLANTA HAWKS,0.42,9.8,0.575,9.4,17.4,0.6,3.2,0.132
350,Markieff Morris,26,8.2,1.9,-0.9,0.5,20.5,0.9,0.192,27,False,712,-1.3,4.6,0.2,14.0,['POWER FORWARD'],morrima02,1.7,WASHINGTON WIZARDS,0.275,12.4,0.538,12.6,21.9,0.2,1.1,0.072
436,Henry Sims,25,5.1,4.3,-4.3,-0.8,22.2,0.3,0.39,14,False,263,-3.5,8.8,0.2,13.9,['CENTER'],simshe01,1.7,BROOKLYN NETS,0.0,15.4,0.504,11.7,17.3,-0.2,0.4,0.079
235,Serge Ibaka,26,3.9,4.5,-0.6,0.0,16.2,3.0,0.139,78,False,2500,-0.6,6.5,2.5,13.9,['POWER FORWARD'],ibakase01,0.8,OKLAHOMA CITY THUNDER,0.212,11.6,0.533,10.5,17.6,0.8,5.5,0.105
438,Donald Sloan,28,30.0,0.2,-1.7,-1.4,13.5,0.3,0.297,61,False,1318,-0.3,1.4,1.7,13.9,['POINT GUARD'],sloando01,1.2,BROOKLYN NETS,0.283,7.4,0.536,16.8,16.1,0.1,2.0,0.071
388,Elfrid Payton,21,32.8,0.8,-1.2,-0.6,9.6,1.7,0.26,73,False,2145,-0.7,3.9,0.5,13.9,['POINT GUARD'],paytoel01,2.1,ORLANDO MAGIC,0.126,6.7,0.478,17.9,20.4,0.4,2.2,0.05
412,Brian Roberts,30,18.7,0.2,-1.4,-0.5,8.3,0.3,0.322,30,False,333,-0.9,1.3,0.5,13.9,['POINT GUARD'],roberbr01,1.1,CHARLOTTE HORNETS,0.235,4.8,0.552,10.9,19.9,0.0,0.8,0.108
405,Julius Randle,21,11.0,1.0,-3.2,-1.3,32.0,1.9,0.323,81,False,2286,-1.9,7.8,-0.3,13.9,['POWER FORWARD'],randlju01,1.2,LOS ANGELES LAKERS,0.043,19.5,0.482,13.5,21.2,-0.7,1.6,0.035
84,Omri Casspi,27,7.5,0.7,0.1,-0.2,20.1,1.5,0.256,69,False,1880,0.4,3.4,2.1,13.9,['POWER FORWARD'],casspom01,1.4,SACRAMENTO KINGS,0.441,11.8,0.587,12.0,17.8,1.0,3.6,0.092
83,Michael Carter-Williams,24,26.6,2.1,-0.7,0.6,15.7,1.6,0.292,54,False,1649,-1.4,3.4,-0.4,13.9,['POINT GUARD'],cartemi01,2.5,MILWAUKEE BUCKS,0.099,9.6,0.497,19.6,21.3,0.5,1.2,0.035
298,Shaun Livingston,30,21.0,1.3,0.3,1.1,8.5,1.7,0.245,78,False,1520,-0.7,3.2,2.9,13.8,['POINT GUARD'],livinsh01,1.8,GOLDEN STATE WARRIORS,0.032,6.0,0.581,15.7,14.2,0.9,4.6,0.145
297,Jeremy Lin,27,18.6,1.7,-0.9,0.0,11.4,2.3,0.401,78,False,2048,-1.0,2.2,1.3,13.8,['SHOOTING GUARD'],linje01,1.4,CHARLOTTE HORNETS,0.31,6.8,0.534,14.9,22.2,0.5,3.5,0.082
109,Seth Curry,25,14.2,0.4,-0.2,-0.9,7.9,0.2,0.241,44,False,692,0.7,1.4,1.2,13.8,['POINT GUARD'],curryse01,1.5,SACRAMENTO KINGS,0.496,4.7,0.603,12.7,17.4,0.3,1.4,0.097
261,Tyler Johnson,23,13.9,1.2,0.7,0.7,10.3,0.9,0.263,36,False,863,-0.1,3.8,1.2,13.8,['SHOOTING GUARD'],johnsty01,1.4,MIAMI HEAT,0.292,7.2,0.579,14.8,16.8,0.6,2.0,0.113
4,Alexis Ajinça,27,5.8,3.4,-4.0,-0.6,25.9,0.9,0.197,59,False,861,-3.4,9.3,0.2,13.8,['CENTER'],ajincal01,1.1,NEW ORLEANS PELICANS,0.003,17.3,0.514,13.6,20.4,-0.4,1.0,0.058
396,Bobby Portis,20,7.5,1.5,-3.3,-1.8,20.0,1.3,0.151,62,False,1102,-1.5,12.0,0.3,13.8,['POWER FORWARD'],portibo01,1.1,CHICAGO BULLS,0.119,16.1,0.469,10.4,20.7,-0.4,1.5,0.066
287,Ty Lawson,28,36.1,0.3,-1.2,0.2,11.6,0.3,0.09,13,False,235,-1.3,2.8,0.2,13.7,['POINT GUARD'],lawsoty01,2.1,INDIANA PACERS,0.209,7.2,0.46,15.7,15.5,0.0,0.5,0.103
336,Andre Miller,39,31.9,0.0,-2.2,-1.3,7.4,0.1,0.328,26,False,280,-0.8,2.5,0.5,13.7,['POINT GUARD'],millean02,1.6,MINNESOTA TIMBERWOLVES,0.069,5.0,0.663,27.4,14.6,0.0,0.5,0.088
450,Tiago Splitter,31,7.9,1.6,-1.7,0.5,13.8,0.9,0.31,36,False,579,-2.2,8.7,0.9,13.7,['CENTER'],splitti01,1.7,ATLANTA HAWKS,0.013,11.3,0.571,12.0,15.5,0.0,1.7,0.144
413,Brian Roberts,30,18.5,0.6,-2.2,-1.3,7.9,0.1,0.2,21,False,137,-0.8,1.6,0.2,13.7,['POINT GUARD'],roberbr01,1.1,PORTLAND TRAIL BLAZERS,0.3,4.7,0.551,11.4,19.6,0.0,0.3,0.096
135,Monta Ellis,30,22.2,1.1,0.1,1.1,9.1,3.9,0.202,81,False,2734,-1.0,1.7,0.4,13.7,['SHOOTING GUARD'],ellismo01,2.7,INDIANA PACERS,0.276,5.4,0.504,15.4,21.2,1.5,4.3,0.075
357,Mike Muscala,24,9.1,3.8,-0.9,1.2,14.9,0.9,0.257,60,False,565,-2.1,7.5,0.7,13.6,['CENTER'],muscami01,1.1,ATLANTA HAWKS,0.257,11.3,0.576,13.8,15.5,0.2,1.6,0.136
456,Jarnell Stokes,22,0.0,0.0,-3.9,-5.4,29.8,0.0,0.0,2,False,4,1.4,27.3,0.0,13.6,['CENTER'],stokeja01,0.0,MEMPHIS GRIZZLIES,0.0,28.5,0.0,0.0,0.0,0.0,0.0,0.163
429,Luis Scola,35,6.8,1.4,-1.1,-0.3,19.0,1.9,0.14,76,False,1636,-0.8,6.0,1.4,13.6,['POWER FORWARD'],scolalu01,1.5,TORONTO RAPTORS,0.269,12.6,0.523,9.7,19.5,0.4,3.3,0.098
479,Evan Turner,27,23.9,1.0,0.0,0.9,16.5,3.0,0.238,81,False,2271,-0.9,2.3,1.0,13.6,['SHOOTING GUARD'],turneev01,1.7,BOSTON CELTICS,0.11,9.3,0.513,16.9,18.8,1.1,4.0,0.085
360,Gary Neal,31,9.2,0.1,-1.5,-1.3,10.2,0.5,0.169,40,False,807,-0.1,1.5,0.9,13.5,['SHOOTING GUARD'],nealga01,1.2,WASHINGTON WIZARDS,0.308,5.8,0.558,7.7,20.5,0.1,1.4,0.085
331,Jodie Meeks,28,11.3,0.0,-2.9,-2.8,10.6,0.0,0.2,3,False,43,-0.2,2.4,0.1,13.5,['SHOOTING GUARD'],meeksjo01,0.0,DETROIT PISTONS,0.45,6.3,0.506,4.4,23.1,0.0,0.1,0.107
232,Kris Humphries,30,14.8,2.2,-2.7,-1.6,31.5,0.1,0.222,4,False,74,-1.1,15.8,-0.1,13.5,['POWER FORWARD'],humphkr01,2.0,PHOENIX SUNS,0.278,23.5,0.367,9.2,25.0,0.0,0.0,0.012
418,Derrick Rose,27,25.5,0.5,-2.5,-1.9,8.8,1.2,0.171,66,False,2097,-0.6,2.4,-0.8,13.5,['POINT GUARD'],rosede01,1.1,CHICAGO BULLS,0.143,5.6,0.479,13.4,27.3,-0.3,0.4,0.009
172,Eric Gordon,27,12.7,0.8,-0.1,-1.0,6.9,0.4,0.226,45,False,1481,0.9,0.7,1.7,13.5,['SHOOTING GUARD'],gordoer01,1.4,NEW ORLEANS PELICANS,0.533,3.7,0.565,10.7,20.3,0.7,2.1,0.069
266,Terrence Jones,24,6.3,3.1,-2.1,-1.2,15.9,0.7,0.316,50,False,1044,-0.9,6.5,0.8,13.5,['POWER FORWARD'],joneste01,1.1,HOUSTON ROCKETS,0.215,11.1,0.519,10.5,19.3,0.0,1.5,0.068
183,Jeff Green,29,10.5,1.1,-1.4,-1.0,14.4,1.0,0.278,53,False,1544,-0.4,3.9,1.2,13.4,['SMALL FORWARD'],greenje02,1.3,MEMPHIS GRIZZLIES,0.244,8.9,0.517,9.9,20.2,0.2,2.2,0.067
42,Kent Bazemore,26,12.7,1.4,0.3,1.5,18.0,3.8,0.208,75,False,2083,-1.2,1.5,0.3,13.4,['SMALL FORWARD'],bazemke01,2.3,ATLANTA HAWKS,0.421,9.9,0.551,14.8,20.0,1.2,4.1,0.094
75,Rasual Butler,36,7.7,4.1,2.9,2.5,13.5,0.9,0.154,46,False,432,0.4,0.8,0.4,13.4,['SMALL FORWARD'],butlera01,1.5,SAN ANTONIO SPURS,0.471,7.4,0.558,6.7,12.6,0.5,1.3,0.146
358,Larry Nance Jr.,23,5.7,1.4,-1.5,0.2,18.6,0.9,0.157,63,False,1266,-1.7,8.3,1.3,13.4,['POWER FORWARD'],nancela02,2.1,LOS ANGELES LAKERS,0.033,13.3,0.544,11.3,12.6,0.2,2.2,0.083
283,Shane Larkin,23,29.3,0.6,-2.0,-0.4,9.9,1.0,0.213,78,False,1751,-1.6,1.8,0.5,13.3,['POINT GUARD'],larkish01,2.7,BROOKLYN NETS,0.215,5.8,0.515,21.0,17.7,0.0,1.4,0.039
399,Norman Powell,22,10.4,1.1,-0.3,0.3,14.8,0.9,0.231,49,False,725,-0.5,2.6,0.7,13.3,['SHOOTING GUARD'],powelno01,2.1,TORONTO RAPTORS,0.389,8.8,0.541,11.3,17.8,0.3,1.6,0.105
469,Jason Thompson,29,13.9,3.3,-1.3,2.2,25.0,0.3,0.762,28,False,179,-3.4,6.4,0.3,13.3,['CENTER'],thompja02,1.1,GOLDEN STATE WARRIORS,0.0,16.2,0.535,11.1,15.2,0.0,0.6,0.169
193,Maurice Harkless,22,6.9,1.9,-0.5,0.0,13.3,1.3,0.27,78,False,1457,-0.5,7.5,1.6,13.3,['SMALL FORWARD'],harklma01,1.7,PORTLAND TRAIL BLAZERS,0.341,10.4,0.541,11.9,15.6,0.5,2.9,0.096
102,Robert Covington,25,8.4,1.6,-0.9,0.1,20.9,2.1,0.249,67,False,1903,-1.1,3.6,-0.1,13.2,['SMALL FORWARD'],covinro01,2.7,PHILADELPHIA 76ERS,0.677,12.0,0.543,15.3,21.5,0.5,2.0,0.05
306,Shelvin Mack,25,29.3,0.3,-1.3,-0.3,12.6,0.9,0.153,28,False,879,-1.0,1.5,0.2,13.2,['POINT GUARD'],macksh01,1.6,UTAH JAZZ,0.306,7.0,0.52,19.2,22.2,0.2,1.2,0.064
445,Josh Smith,30,14.3,5.8,-0.5,2.3,21.5,0.9,0.233,32,False,459,-2.8,8.0,-0.6,13.2,['POWER FORWARD'],smithjo03,2.0,LOS ANGELES CLIPPERS,0.322,14.8,0.456,17.1,23.6,0.2,0.3,0.036
60,Avery Bradley,25,9.8,0.6,-0.1,0.3,7.3,2.8,0.121,76,False,2536,-0.4,2.0,2.0,13.2,['SHOOTING GUARD'],bradlav01,2.2,BOSTON CELTICS,0.399,4.6,0.538,9.2,19.8,1.2,4.8,0.09
144,Jordan Farmar,29,20.6,0.6,-0.7,-0.2,8.6,0.2,0.1,12,False,291,-0.5,1.5,0.2,13.2,['POINT GUARD'],farmajo01,2.7,MEMPHIS GRIZZLIES,0.45,4.9,0.527,14.7,18.9,0.1,0.4,0.064
424,D'Angelo Russell,19,21.2,0.5,-2.3,-1.6,11.2,0.7,0.199,80,False,2259,-0.7,2.2,-0.7,13.2,['POINT GUARD'],russeda01,2.1,LOS ANGELES LAKERS,0.387,6.5,0.507,15.9,24.1,-0.1,0.0,0.001
213,George Hill,29,15.5,0.5,0.7,0.7,10.3,2.8,0.203,74,False,2524,0.1,2.5,3.4,13.2,['POINT GUARD'],hillge01,1.6,INDIANA PACERS,0.425,6.5,0.555,11.1,15.8,1.7,6.2,0.118
250,Brandon Jennings,26,25.7,0.4,0.0,-0.2,11.2,0.4,0.266,23,False,416,0.1,1.3,0.4,13.1,['POINT GUARD'],jennibr01,1.3,DETROIT PISTONS,0.538,6.0,0.491,12.1,19.0,0.2,0.8,0.094
196,Devin Harris,32,14.5,0.8,0.1,1.5,10.3,1.3,0.374,64,False,1280,-1.4,1.5,1.2,13.1,['POINT GUARD'],harride01,2.4,DALLAS MAVERICKS,0.422,5.9,0.559,13.2,17.9,0.7,2.5,0.095
47,Patrick Beverley,27,17.9,1.1,0.2,0.1,9.6,1.3,0.148,71,False,2041,0.0,3.9,3.1,13.0,['POINT GUARD'],beverpa01,2.3,HOUSTON ROCKETS,0.522,6.8,0.553,12.6,15.3,1.1,4.4,0.102
337,Andre Miller,39,22.6,0.0,-1.3,0.9,12.8,0.3,0.271,13,False,181,-2.2,3.9,0.1,12.9,['POINT GUARD'],millean02,2.0,SAN ANTONIO SPURS,0.083,8.5,0.521,18.3,16.6,0.0,0.4,0.118
419,Terrence Ross,24,5.3,1.2,0.3,-0.3,10.6,1.6,0.099,73,False,1747,0.6,1.4,2.1,12.9,['SMALL FORWARD'],rosste01,1.6,TORONTO RAPTORS,0.542,6.1,0.551,6.6,18.2,1.0,3.6,0.1
387,Cameron Payne,21,22.5,0.7,-0.7,0.6,11.2,0.8,0.086,57,False,698,-1.3,1.5,0.6,12.9,['POINT GUARD'],payneca01,2.6,OKLAHOMA CITY THUNDER,0.399,6.6,0.49,13.2,20.3,0.2,1.4,0.093
9,Tony Allen,34,6.9,1.0,-1.0,1.2,14.1,1.9,0.294,64,False,1620,-2.2,7.0,0.5,12.9,['SHOOTING GUARD'],allento01,3.5,MEMPHIS GRIZZLIES,0.09,10.4,0.505,12.8,16.8,0.4,2.4,0.072
206,Gerald Henderson,28,8.2,1.0,-1.8,-0.7,13.7,1.0,0.276,72,False,1431,-1.1,2.3,1.0,12.9,['SHOOTING GUARD'],hendege02,1.4,PORTLAND TRAIL BLAZERS,0.257,8.0,0.526,10.3,20.2,0.1,2.0,0.068
17,Kyle Anderson,22,13.7,1.8,1.4,3.1,19.4,2.8,0.281,78,False,1245,-1.7,2.4,0.7,12.9,['SMALL FORWARD'],anderky01,2.5,SAN ANTONIO SPURS,0.125,11.2,0.528,15.1,14.4,1.1,3.5,0.133
507,C.J. Wilcox,25,9.4,0.9,-1.5,1.1,7.1,0.2,0.182,23,False,167,-2.6,0.7,0.1,12.9,['SHOOTING GUARD'],wilcocj01,3.0,LOS ANGELES CLIPPERS,0.348,3.9,0.491,2.7,19.8,0.0,0.3,0.089
223,Ryan Hollins,31,3.7,4.5,-3.5,-0.7,13.6,0.3,0.583,32,False,412,-2.8,10.6,0.6,12.9,['CENTER'],holliry01,0.7,MEMPHIS GRIZZLIES,0.0,12.0,0.641,18.8,12.1,-0.2,0.9,0.107
24,Trevor Ariza,30,10.0,0.8,0.4,0.3,11.6,2.3,0.187,81,False,2859,0.1,2.6,3.1,12.9,['SMALL FORWARD'],arizatr01,2.8,HOUSTON ROCKETS,0.581,7.1,0.551,10.8,15.7,1.7,5.4,0.09
348,Marcus Morris,26,11.0,0.6,-0.2,0.1,12.4,2.5,0.287,80,False,2856,-0.3,3.3,2.9,12.7,['SMALL FORWARD'],morrima03,1.2,DETROIT PISTONS,0.315,7.7,0.531,11.6,18.4,1.3,5.4,0.091
82,Vince Carter,39,8.9,1.5,-1.0,-0.6,13.6,0.8,0.245,60,False,1005,-0.4,3.4,1.0,12.7,['SHOOTING GUARD'],cartevi01,1.9,MEMPHIS GRIZZLIES,0.493,8.3,0.52,8.4,18.5,0.3,1.8,0.084
197,Gary Harris,21,9.5,0.6,-0.9,-0.2,7.7,1.2,0.174,76,False,2439,-0.6,2.4,2.8,12.7,['SHOOTING GUARD'],harriga01,2.0,DENVER NUGGETS,0.388,5.0,0.566,10.6,16.5,0.7,4.0,0.079
246,Cory Jefferson,25,0.0,1.6,-6.4,-3.7,22.2,0.0,0.273,8,False,50,-2.7,12.7,0.0,12.7,['POWER FORWARD'],jeffeco01,0.0,PHOENIX SUNS,0.045,17.4,0.446,0.0,21.0,-0.1,0.1,0.07
10,Al-Farouq Aminu,25,8.8,1.8,0.1,0.2,18.6,2.3,0.217,82,False,2341,-0.2,4.5,1.7,12.7,['SMALL FORWARD'],aminual01,1.5,PORTLAND TRAIL BLAZERS,0.485,11.5,0.533,13.2,16.9,1.2,4.0,0.082
140,Jeremy Evans,28,1.2,3.0,-0.4,1.0,18.8,0.3,0.438,30,False,251,-1.5,4.8,0.3,12.6,['SMALL FORWARD'],evansje01,1.2,DALLAS MAVERICKS,0.333,11.8,0.62,10.9,11.7,0.1,0.6,0.119
481,Beno Udrih,33,36.4,0.8,-1.9,-1.7,7.0,0.0,0.065,8,False,120,-0.2,1.8,0.0,12.6,['POINT GUARD'],udrihbe01,1.3,MEMPHIS GRIZZLIES,0.239,4.3,0.497,18.9,21.8,0.0,0.1,0.024
175,Jerami Grant,21,10.4,4.7,-1.7,0.4,14.3,1.6,0.538,77,False,2066,-2.1,5.0,0.5,12.6,['POWER FORWARD'],grantje01,1.3,PHILADELPHIA 76ERS,0.244,9.5,0.506,12.9,18.0,0.1,2.1,0.05
459,Rodney Stuckey,29,17.2,0.5,-1.4,0.4,11.7,1.5,0.357,58,False,1275,-1.8,1.6,0.5,12.6,['POINT GUARD'],stuckro01,1.7,INDIANA PACERS,0.187,6.7,0.504,12.9,20.3,0.2,2.0,0.077
273,Sasha Kaun,30,4.5,4.3,-2.8,0.5,16.5,0.2,0.647,25,False,95,-3.3,14.4,0.0,12.5,['CENTER'],kaunsa01,2.2,CLEVELAND CAVALIERS,0.0,15.5,0.527,24.3,13.7,0.0,0.2,0.096
190,Tyler Hansbrough,30,3.5,1.7,-3.8,-0.3,15.8,0.5,0.915,44,False,343,-3.5,12.6,0.5,12.5,['POWER FORWARD'],hansbty01,1.8,CHARLOTTE HORNETS,0.042,14.2,0.522,10.8,14.7,-0.1,1.0,0.134
25,Darrell Arthur,27,10.0,2.6,-0.8,0.5,15.4,1.3,0.108,70,False,1516,-1.3,6.2,1.0,12.5,['POWER FORWARD'],arthuda01,1.8,DENVER NUGGETS,0.239,10.7,0.514,11.4,16.7,0.4,2.3,0.072
271,Frank Kaminsky,22,9.0,2.0,-0.8,0.2,17.2,2.1,0.282,81,False,1708,-1.0,4.4,1.2,12.5,['CENTER'],kaminfr01,1.1,CHARLOTTE HORNETS,0.385,10.7,0.513,8.9,17.1,0.5,3.3,0.093
78,Kentavious Caldwell-Pope,22,7.8,0.5,-0.3,0.8,8.6,2.7,0.238,76,False,2789,-1.1,2.6,2.6,12.4,['SHOOTING GUARD'],caldwke01,2.0,DETROIT PISTONS,0.384,5.5,0.521,9.0,18.2,1.2,5.3,0.092
292,Alex Len,22,8.5,2.8,-4.3,-0.8,25.4,1.8,0.383,78,False,1821,-3.5,10.4,-0.5,12.4,['CENTER'],lenal01,1.0,PHOENIX SUNS,0.011,17.7,0.482,16.6,20.4,-1.0,1.3,0.035
189,Jordan Hamilton,25,12.9,0.8,-3.3,-1.7,18.9,0.2,0.181,11,False,304,-1.6,4.2,0.0,12.4,['SMALL FORWARD'],hamiljo02,1.3,NEW ORLEANS PELICANS,0.388,11.3,0.499,12.0,20.7,-0.1,0.2,0.03
443,J.R. Smith,30,8.5,0.7,0.5,0.3,8.3,2.5,0.084,77,False,2362,0.2,2.1,3.0,12.4,['SHOOTING GUARD'],smithjr01,1.8,CLEVELAND CAVALIERS,0.6,5.2,0.542,6.3,18.0,1.5,5.5,0.111
40,Jerryd Bayless,27,16.2,0.6,-0.8,-1.0,9.0,0.6,0.206,52,False,1505,0.2,1.6,1.8,12.4,['SHOOTING GUARD'],bayleje01,1.6,MILWAUKEE BUCKS,0.529,5.4,0.568,13.3,16.4,0.4,2.4,0.075
203,Spencer Hawes,27,16.3,2.1,-0.6,1.0,20.6,1.4,0.212,57,False,1035,-1.6,5.3,0.6,12.4,['POWER FORWARD'],hawessp01,1.1,CHARLOTTE HORNETS,0.333,12.9,0.508,14.8,17.1,0.3,1.9,0.09
8,Lavoy Allen,26,7.1,2.1,-1.6,0.1,17.8,2.1,0.197,79,False,1599,-1.7,11.1,1.6,12.4,['POWER FORWARD'],allenla01,0.8,INDIANA PACERS,0.0,14.5,0.532,14.6,13.0,0.2,3.7,0.11
514,Mo Williams,33,21.1,0.5,-1.5,-0.6,9.9,0.7,0.139,41,False,748,-0.9,0.9,0.4,12.4,['POINT GUARD'],willima01,1.0,CLEVELAND CAVALIERS,0.338,5.4,0.527,15.1,22.8,0.1,1.1,0.067
174,Andrew Goudelock,27,13.3,3.3,-3.6,1.8,2.2,0.1,0.2,8,False,50,-5.4,2.2,-0.1,12.4,['POINT GUARD'],goudean01,5.9,HOUSTON ROCKETS,0.45,2.2,0.506,24.3,24.8,0.0,0.0,-0.033
431,Thabo Sefolosha,31,8.8,1.7,0.8,2.3,17.1,3.2,0.266,75,False,1758,-1.5,3.3,1.3,12.4,['SMALL FORWARD'],sefolth01,2.4,ATLANTA HAWKS,0.333,10.4,0.578,14.1,12.3,1.3,4.5,0.122
269,Cory Joseph,24,19.3,0.8,-1.2,-0.1,9.4,1.7,0.297,80,False,2046,-1.1,2.2,1.8,12.4,['SHOOTING GUARD'],josepco01,1.6,TORONTO RAPTORS,0.188,5.9,0.512,13.4,17.0,0.4,3.5,0.082
160,Kevin Garnett,39,16.4,1.5,1.5,3.1,27.9,0.7,0.183,38,False,556,-1.6,3.2,0.4,12.3,['POWER FORWARD'],garneke01,2.5,MINNESOTA TIMBERWOLVES,0.009,15.7,0.491,11.4,11.3,0.5,1.1,0.092
50,Tarik Black,24,5.2,2.9,-3.3,-0.2,25.4,0.4,0.433,39,False,496,-3.1,9.2,0.3,12.3,['CENTER'],blackta01,1.4,LOS ANGELES LAKERS,0.0,17.0,0.537,15.1,12.9,-0.2,0.7,0.072
16,Justin Anderson,22,6.8,3.2,0.3,1.4,19.3,0.8,0.314,55,False,647,-1.1,3.1,0.3,12.3,['SMALL FORWARD'],anderju01,1.5,DALLAS MAVERICKS,0.474,11.2,0.522,10.8,15.8,0.4,1.1,0.083
77,José Calderón,34,22.3,0.3,-0.6,0.1,11.0,1.4,0.105,72,False,2024,-0.8,1.2,2.7,12.3,['POINT GUARD'],caldejo01,1.6,NEW YORK KNICKS,0.446,6.2,0.571,15.4,12.6,0.7,4.0,0.096
35,Harrison Barnes,23,7.8,0.4,-1.3,-1.1,12.4,1.9,0.212,66,False,2042,-0.2,4.3,3.1,12.3,['SMALL FORWARD'],barneha02,1.0,GOLDEN STATE WARRIORS,0.338,8.6,0.559,7.6,15.9,0.3,4.9,0.116
215,Solomon Hill,24,9.6,1.0,0.1,1.2,15.9,1.3,0.202,59,False,866,-1.1,4.9,0.8,12.2,['SMALL FORWARD'],hillso01,2.1,INDIANA PACERS,0.356,10.5,0.543,12.7,13.2,0.5,2.1,0.117
322,Chris McCullough,20,3.7,2.7,-2.4,0.4,13.6,0.4,0.211,24,False,362,-2.7,7.6,-0.1,12.2,['POWER FORWARD'],mcculch01,3.9,BROOKLYN NETS,0.312,10.5,0.47,11.2,16.5,0.0,0.3,0.043
103,Allen Crabbe,23,7.2,0.6,-1.0,-0.1,9.7,1.2,0.167,81,False,2105,-0.9,1.4,3.1,12.2,['SHOOTING GUARD'],crabbal01,1.5,PORTLAND TRAIL BLAZERS,0.42,5.6,0.572,8.1,16.4,0.5,4.3,0.098
236,Andre Iguodala,32,16.3,0.8,1.1,1.3,12.4,2.1,0.226,65,False,1732,-0.2,3.4,2.3,12.2,['SMALL FORWARD'],iguodan01,2.0,GOLDEN STATE WARRIORS,0.418,8.2,0.565,16.3,12.1,1.4,4.4,0.122
70,Reggie Bullock,24,9.2,0.4,0.8,0.7,14.3,0.4,0.153,37,False,429,0.1,3.4,0.8,12.0,['SMALL FORWARD'],bullore01,1.2,DETROIT PISTONS,0.541,8.6,0.583,7.1,11.4,0.3,1.2,0.134
184,Jeff Green,29,8.9,2.3,-2.5,-0.7,10.9,0.8,0.243,27,False,709,-1.8,3.0,0.1,12.0,['SMALL FORWARD'],greenje02,1.3,LOS ANGELES CLIPPERS,0.288,7.0,0.496,7.5,20.4,-0.1,0.9,0.061
249,John Jenkins,24,14.4,0.3,-1.1,-0.7,12.0,0.1,0.167,22,False,287,-0.3,1.5,0.3,11.9,['SHOOTING GUARD'],jenkijo01,0.8,PHOENIX SUNS,0.356,6.6,0.564,14.2,16.7,0.1,0.4,0.059
147,Raymond Felton,31,20.3,0.6,-1.6,0.1,11.1,1.7,0.258,80,False,2192,-1.7,1.8,1.0,11.9,['POINT GUARD'],feltora01,1.6,DALLAS MAVERICKS,0.312,6.5,0.502,13.7,18.4,0.2,2.7,0.059
435,Jonathon Simmons,26,10.4,0.5,-2.7,0.4,10.8,1.3,0.38,55,False,813,-3.1,2.3,0.7,11.9,['SHOOTING GUARD'],simmojo02,1.5,SAN ANTONIO SPURS,0.194,6.7,0.586,15.8,18.9,-0.2,2.0,0.119
312,Kevin Martin,32,8.8,0.1,-3.2,-2.0,9.8,0.1,0.425,39,False,834,-1.2,1.4,0.7,11.9,['SHOOTING GUARD'],martike02,1.0,MINNESOTA TIMBERWOLVES,0.308,5.6,0.523,9.4,23.5,-0.3,0.8,0.045
81,DeMarre Carroll,29,5.5,0.6,0.3,1.1,13.1,1.0,0.185,26,False,786,-0.8,4.6,0.2,11.9,['SMALL FORWARD'],carrode01,2.9,TORONTO RAPTORS,0.437,8.9,0.49,8.8,18.5,0.5,1.2,0.074
57,Devin Booker,19,15.8,0.8,-2.8,-1.7,8.4,0.7,0.295,76,False,2108,-1.2,1.4,1.2,11.9,['SHOOTING GUARD'],bookede01,1.0,PHOENIX SUNS,0.333,4.8,0.535,14.0,23.0,-0.5,1.9,0.043
488,Charlie Villanueva,31,6.2,1.9,-2.7,-0.8,21.1,0.8,0.073,62,False,665,-1.9,4.0,-0.6,11.9,['POWER FORWARD'],villach01,1.4,DALLAS MAVERICKS,0.526,12.5,0.473,8.4,25.3,-0.1,0.2,0.016
63,Aaron Brooks,31,26.0,0.7,-2.6,-1.3,7.5,0.7,0.136,69,False,1108,-1.3,2.0,0.2,11.8,['POINT GUARD'],brookaa01,1.4,CHICAGO BULLS,0.394,4.8,0.494,14.2,22.9,-0.2,0.9,0.04
156,Channing Frye,32,8.4,2.2,0.7,0.9,17.6,0.8,0.113,44,False,754,-0.2,3.3,0.8,11.8,['POWER FORWARD'],fryech01,1.4,ORLANDO MAGIC,0.651,10.4,0.586,13.3,13.2,0.5,1.5,0.097
231,Kris Humphries,30,5.0,2.4,-2.3,-0.9,21.8,0.5,0.196,28,False,466,-1.4,6.1,0.3,11.8,['POWER FORWARD'],humphkr01,0.3,WASHINGTON WIZARDS,0.424,13.8,0.524,10.4,18.0,0.0,0.7,0.073
221,Justin Holiday,26,13.2,2.1,-1.9,0.0,11.1,0.5,0.174,27,False,510,-1.9,1.7,0.2,11.8,['SHOOTING GUARD'],holidju01,1.9,CHICAGO BULLS,0.387,6.5,0.527,13.5,16.6,0.0,0.8,0.072
400,Phil Pressey,24,43.2,0.4,-2.6,0.3,15.2,0.2,0.327,14,False,170,-3.0,0.0,-0.2,11.8,['POINT GUARD'],pressph01,3.2,PHILADELPHIA 76ERS,0.236,7.4,0.437,23.2,21.1,0.0,0.0,-0.014
34,Andrea Bargnani,30,4.8,1.1,-5.1,-2.6,12.4,0.0,0.204,46,False,634,-2.6,4.9,0.1,11.8,['CENTER'],bargnan01,0.3,BROOKLYN NETS,0.057,8.6,0.5,7.9,23.2,-0.5,0.2,0.013
288,Courtney Lee,30,8.1,1.0,-0.9,-0.1,7.9,0.8,0.22,51,False,1489,-0.9,1.4,1.5,11.7,['SHOOTING GUARD'],leeco01,1.8,MEMPHIS GRIZZLIES,0.329,4.5,0.556,9.6,15.3,0.4,2.2,0.072
191,Tim Hardaway Jr.,23,8.9,0.6,-0.9,0.2,9.8,1.0,0.211,51,False,864,-1.1,0.9,0.9,11.7,['SHOOTING GUARD'],hardati02,1.2,ATLANTA HAWKS,0.536,5.4,0.563,7.4,16.2,0.2,1.9,0.105
159,Langston Galloway,24,15.7,0.8,-1.0,0.7,13.0,1.8,0.194,82,False,2033,-1.7,2.3,1.4,11.7,['POINT GUARD'],gallola01,1.9,NEW YORK KNICKS,0.381,7.7,0.49,8.7,15.6,0.5,3.3,0.077
32,Leandro Barbosa,33,10.6,0.7,-2.0,-0.1,8.4,1.2,0.168,68,False,1079,-1.9,3.0,0.9,11.7,['SHOOTING GUARD'],barbole01,2.0,GOLDEN STATE WARRIORS,0.297,5.8,0.545,11.8,18.1,0.0,2.1,0.092
127,Jared Dudley,30,11.4,0.7,-0.1,0.7,12.6,2.0,0.201,81,False,2098,-0.8,2.8,2.6,11.7,['POWER FORWARD'],dudleja01,1.7,WASHINGTON WIZARDS,0.489,7.6,0.602,13.1,12.7,1.0,4.6,0.105
36,Matt Barnes,35,11.6,2.4,-0.9,0.2,18.3,2.2,0.199,76,False,2190,-1.1,4.2,0.4,11.7,['SMALL FORWARD'],barnema02,1.8,MEMPHIS GRIZZLIES,0.534,10.9,0.503,13.8,17.9,0.6,2.6,0.056
30,Luke Babbitt,26,9.6,0.7,-2.5,-1.5,16.7,0.3,0.173,47,False,845,-1.0,3.2,0.8,11.6,['SMALL FORWARD'],babbilu01,0.6,NEW ORLEANS PELICANS,0.377,9.7,0.526,6.9,17.5,-0.1,1.1,0.064
265,James Jones,35,4.5,1.8,-0.3,-0.1,10.2,0.5,0.183,48,False,463,-0.2,2.0,0.7,11.6,['SMALL FORWARD'],jonesja02,1.2,CLEVELAND CAVALIERS,0.732,6.1,0.58,7.8,16.2,0.2,1.2,0.12
304,Trey Lyles,20,7.1,1.1,-1.8,-0.2,20.2,1.7,0.188,80,False,1382,-1.6,5.0,0.6,11.6,['POWER FORWARD'],lylestr01,1.0,UTAH JAZZ,0.294,12.6,0.517,12.1,17.9,0.1,2.3,0.079
7,Cliff Alexander,20,0.0,4.4,0.0,0.5,12.1,0.0,0.0,8,False,36,-0.5,6.0,0.0,11.6,['POWER FORWARD'],alexacl01,1.4,PORTLAND TRAIL BLAZERS,0.0,9.0,0.5,9.1,13.3,0.0,0.0,0.052
90,Ian Clark,24,15.3,1.7,-1.9,-0.4,9.7,0.6,0.168,66,False,578,-1.5,2.6,0.3,11.5,['SHOOTING GUARD'],clarkia01,1.4,GOLDEN STATE WARRIORS,0.416,6.3,0.544,16.5,19.5,0.0,0.9,0.075
255,James Johnson,28,11.4,2.9,-1.0,0.5,11.9,1.0,0.283,57,False,926,-1.5,3.5,0.3,11.4,['POWER FORWARD'],johnsja01,1.6,TORONTO RAPTORS,0.275,7.8,0.532,16.7,15.9,0.2,1.3,0.068
414,Glenn Robinson III,22,7.7,1.4,-1.1,0.5,12.0,0.6,0.258,45,False,508,-1.6,2.6,0.2,11.4,['SMALL FORWARD'],robingl02,1.7,INDIANA PACERS,0.245,7.3,0.508,9.7,16.1,0.1,0.8,0.078
346,E'Twaun Moore,26,12.1,1.0,-1.9,0.0,9.3,1.0,0.09,59,False,1263,-1.9,1.6,0.9,11.4,['SHOOTING GUARD'],mooreet01,1.5,CHICAGO BULLS,0.267,5.5,0.548,11.6,15.9,0.0,1.8,0.07
409,Josh Richardson,22,9.7,1.7,-0.4,0.7,8.5,1.2,0.232,52,False,1107,-1.1,2.2,1.3,11.4,['SHOOTING GUARD'],richajo01,1.7,MIAMI HEAT,0.423,5.5,0.569,10.5,13.8,0.5,2.5,0.109
61,Elton Brand,36,13.1,2.7,-3.4,1.3,27.0,0.3,0.125,17,False,225,-4.7,4.2,-0.1,11.4,['CENTER'],brandel01,2.0,PHILADELPHIA 76ERS,0.014,15.2,0.461,12.6,16.9,-0.1,0.2,0.036
66,Markel Brown,24,13.9,1.2,-3.0,-0.8,11.5,0.4,0.292,62,False,982,-2.1,2.6,0.2,11.3,['SHOOTING GUARD'],brownma02,2.0,BROOKLYN NETS,0.376,7.0,0.5,12.9,18.9,-0.3,0.6,0.031
439,Marcus Smart,21,15.8,0.8,-1.0,1.2,11.6,2.4,0.314,61,False,1667,-2.2,4.8,0.5,11.3,['POINT GUARD'],smartma01,2.7,BOSTON CELTICS,0.456,8.1,0.463,11.7,17.4,0.4,2.9,0.083
352,Donatas Motiejūnas,25,12.2,0.8,-4.5,-1.7,14.6,0.3,0.259,37,False,547,-2.8,7.4,0.0,11.3,['POWER FORWARD'],motiedo01,1.5,HOUSTON ROCKETS,0.278,11.0,0.504,16.2,21.4,-0.3,0.3,0.026
118,Matthew Dellavedova,25,26.2,0.4,-1.2,-0.5,7.8,1.6,0.129,76,False,1867,-0.7,2.0,2.2,11.3,['POINT GUARD'],dellama01,1.2,CLEVELAND CAVALIERS,0.468,4.9,0.527,17.7,15.9,0.4,3.8,0.098
73,Caron Butler,35,8.3,0.5,-1.8,0.6,10.4,0.1,0.203,17,False,176,-2.5,3.1,0.1,11.3,['SMALL FORWARD'],butleca01,2.5,SACRAMENTO KINGS,0.305,6.8,0.49,4.5,16.2,0.0,0.3,0.071
294,Meyers Leonard,23,10.6,1.1,-1.7,-0.6,21.4,1.0,0.106,61,False,1333,-1.1,4.1,1.2,11.3,['POWER FORWARD'],leoname01,0.3,PORTLAND TRAIL BLAZERS,0.524,12.8,0.561,14.5,17.4,0.1,2.2,0.078
289,Courtney Lee,30,10.9,1.2,-1.0,1.1,10.1,1.0,0.118,28,False,845,-2.1,1.3,0.7,11.2,['SHOOTING GUARD'],leeco01,2.0,CHARLOTTE HORNETS,0.359,5.6,0.54,9.0,13.6,0.2,1.6,0.094
484,Anderson Varejão,33,9.3,1.3,-2.4,1.0,24.3,0.5,0.276,31,False,310,-3.4,8.8,0.1,11.2,['CENTER'],varejan01,1.8,CLEVELAND CAVALIERS,0.013,16.6,0.469,15.8,14.8,0.0,0.6,0.089
176,Jerian Grant,23,21.8,0.6,-3.1,-0.3,10.2,1.0,0.315,76,False,1265,-2.8,2.0,-0.2,11.2,['POINT GUARD'],grantje02,2.0,NEW YORK KNICKS,0.256,6.2,0.479,16.3,19.0,-0.3,0.8,0.03
49,Nemanja Bjelica,27,11.4,1.6,-0.7,0.2,17.2,0.6,0.234,60,False,1075,-0.9,5.4,1.4,11.2,['POWER FORWARD'],bjeline01,1.2,MINNESOTA TIMBERWOLVES,0.532,11.4,0.594,15.3,12.8,0.3,1.9,0.087
209,Roy Hibbert,29,8.0,4.6,-3.2,0.2,15.8,1.0,0.353,81,False,1878,-3.5,7.3,1.1,11.2,['CENTER'],hibbero01,0.9,LOS ANGELES LAKERS,0.005,11.4,0.507,13.8,12.9,-0.6,2.2,0.056
267,Tyus Jones,19,27.7,0.4,-2.4,-0.5,8.0,0.3,0.25,37,False,573,-1.9,1.4,0.0,11.2,['POINT GUARD'],jonesty01,2.7,MINNESOTA TIMBERWOLVES,0.34,4.8,0.45,16.0,16.1,-0.1,0.3,0.027
170,Archie Goodwin,21,17.2,1.0,-3.7,-1.5,11.5,0.5,0.457,57,False,1114,-2.1,2.6,-0.4,11.1,['POINT GUARD'],goodwar01,1.2,PHOENIX SUNS,0.235,6.9,0.498,16.5,23.2,-0.5,0.1,0.004
491,Sasha Vujačić,31,14.3,0.4,-1.2,0.3,14.6,0.8,0.141,61,False,908,-1.5,3.2,0.3,11.1,['SHOOTING GUARD'],vujacsa01,1.9,NEW YORK KNICKS,0.516,9.0,0.503,13.0,16.8,0.2,1.1,0.06
68,Chase Budinger,27,9.9,1.0,-0.7,0.9,13.4,1.0,0.247,49,False,729,-1.7,4.7,0.3,11.1,['SMALL FORWARD'],budinch01,2.0,INDIANA PACERS,0.356,9.1,0.502,12.6,14.9,0.2,1.3,0.084
79,Isaiah Canaan,24,11.3,0.5,-2.4,-1.6,8.8,0.5,0.249,77,False,1966,-0.8,1.1,0.9,11.1,['SHOOTING GUARD'],canaais01,1.4,PHILADELPHIA 76ERS,0.672,4.8,0.528,10.2,19.9,-0.2,1.4,0.035
270,Chris Kaman,33,15.8,0.7,-3.6,-1.0,16.5,0.1,0.07,16,False,112,-2.6,6.8,0.0,11.1,['CENTER'],kamanch01,0.4,PORTLAND TRAIL BLAZERS,0.093,11.6,0.496,15.3,20.4,0.0,0.1,0.037
410,Austin Rivers,23,10.6,0.5,-2.7,-0.5,7.9,1.3,0.225,67,False,1464,-2.2,1.7,0.6,11.1,['SHOOTING GUARD'],riverau01,1.6,LOS ANGELES CLIPPERS,0.359,4.8,0.523,9.7,19.4,-0.2,1.9,0.063
26,Ömer Aşık,29,3.1,1.6,-3.8,-1.0,28.7,1.0,0.574,68,False,1178,-2.8,10.9,0.7,11.0,['CENTER'],asikom01,0.9,NEW ORLEANS PELICANS,0.0,19.5,0.551,19.7,11.4,-0.5,1.7,0.07
133,Jarell Eddie,24,5.0,0.6,-1.5,-1.1,16.3,0.1,0.123,26,False,147,-0.3,1.5,0.0,11.0,['SMALL FORWARD'],eddieja01,1.7,WASHINGTON WIZARDS,0.723,8.8,0.46,1.4,20.7,0.0,0.1,0.046
262,Wesley Johnson,28,4.4,2.6,-0.2,1.5,13.6,2.7,0.089,80,False,1666,-1.7,2.5,0.0,11.0,['SMALL FORWARD'],johnswe01,2.7,LOS ANGELES CLIPPERS,0.6,8.1,0.513,9.2,16.0,0.8,2.6,0.076
485,Anderson Varejão,33,10.5,2.0,-3.6,0.1,20.2,0.3,0.604,22,False,186,-3.7,8.0,0.2,11.0,['CENTER'],varejan01,1.3,GOLDEN STATE WARRIORS,0.0,14.5,0.477,9.0,15.5,-0.1,0.5,0.12
314,Wesley Matthews,29,8.9,0.5,-1.0,-0.1,8.8,1.8,0.171,78,False,2644,-0.9,1.1,1.9,10.9,['SMALL FORWARD'],matthwe02,1.5,DALLAS MAVERICKS,0.615,4.9,0.532,7.8,17.2,0.6,3.7,0.067
324,Doug McDermott,24,5.0,0.2,-2.9,-1.9,8.8,0.7,0.13,81,False,1861,-1.0,2.1,2.1,10.9,['SMALL FORWARD'],mcderdo01,0.4,CHICAGO BULLS,0.402,5.5,0.561,7.2,17.3,-0.4,2.8,0.073
3,Arron Afflalo,30,9.9,0.3,-2.9,-1.6,11.0,0.9,0.164,71,False,2371,-1.3,1.1,1.8,10.9,['SHOOTING GUARD'],afflaar01,0.5,NEW YORK KNICKS,0.298,6.1,0.531,8.7,17.9,-0.5,2.7,0.055
349,Markieff Morris,26,16.1,1.5,-3.7,-0.5,18.3,0.8,0.213,37,False,917,-3.1,5.0,-1.3,10.8,['POWER FORWARD'],morrima02,1.8,PHOENIX SUNS,0.176,11.5,0.456,16.0,26.0,-0.4,-0.5,-0.029
432,Kevin Séraphin,26,14.8,5.2,-3.8,0.6,19.5,0.7,0.112,48,False,526,-4.4,6.5,-0.8,10.8,['CENTER'],serapke01,0.8,NEW YORK KNICKS,0.01,13.1,0.435,16.7,22.2,-0.2,-0.2,-0.015
93,Norris Cole,27,22.0,0.3,-3.8,-0.9,13.5,0.5,0.134,45,False,1198,-2.9,0.9,-0.6,10.8,['POINT GUARD'],coleno01,1.5,NEW ORLEANS PELICANS,0.211,7.0,0.465,12.8,21.7,-0.5,-0.1,-0.004
478,P.J. Tucker,30,10.2,0.6,-1.2,0.4,15.2,1.9,0.244,82,False,2540,-1.5,6.9,1.5,10.8,['SMALL FORWARD'],tuckepj01,2.0,PHOENIX SUNS,0.354,10.9,0.506,14.7,12.7,0.5,3.5,0.066
117,Sam Dekker,21,0.0,0.0,2.2,5.1,18.5,0.0,0.0,3,False,6,-2.8,0.0,0.0,10.8,['POWER FORWARD'],dekkesa01,8.2,HOUSTON ROCKETS,0.0,9.2,0.0,0.0,0.0,0.0,0.0,0.116
139,Tyler Ennis,21,21.9,0.1,-4.3,-1.1,10.7,0.3,0.182,46,False,654,-3.1,2.3,0.1,10.7,['POINT GUARD'],ennisty01,1.9,MILWAUKEE BUCKS,0.209,6.6,0.51,18.6,17.1,-0.4,0.4,0.03
54,Bojan Bogdanović,26,7.3,0.2,-3.5,-2.6,11.8,0.0,0.176,79,False,2115,-1.0,1.9,0.9,10.7,['SMALL FORWARD'],bogdabo02,0.7,BROOKLYN NETS,0.451,6.8,0.55,12.5,19.4,-0.8,0.9,0.021
216,Darrun Hilliard,22,10.9,0.2,-2.5,-0.5,11.9,0.3,0.305,38,False,383,-1.9,1.4,0.2,10.7,['SHOOTING GUARD'],hillida01,1.2,DETROIT PISTONS,0.382,6.4,0.511,11.3,19.1,0.0,0.5,0.066
351,Anthony Morrow,30,3.7,0.4,-1.1,-1.0,5.8,0.5,0.117,68,False,926,-0.1,1.2,1.4,10.7,['SHOOTING GUARD'],morroan01,1.2,OKLAHOMA CITY THUNDER,0.613,3.6,0.543,4.6,16.9,0.2,1.9,0.097
256,Joe Johnson,34,18.0,0.1,-2.6,-1.4,11.2,0.2,0.178,57,False,1934,-1.2,1.9,0.6,10.7,['SMALL FORWARD'],johnsjo02,1.0,BROOKLYN NETS,0.377,6.5,0.512,15.0,17.8,-0.3,0.7,0.018
384,Patrick Patterson,26,7.1,1.3,-0.1,0.0,14.8,2.0,0.069,79,False,2020,-0.1,4.4,1.6,10.6,['POWER FORWARD'],pattepa01,1.4,TORONTO RAPTORS,0.594,9.7,0.534,11.3,12.9,1.0,3.6,0.086
323,K.J. McDaniels,22,6.5,2.1,-3.9,-1.1,12.3,0.1,0.417,37,False,235,-2.8,7.5,0.1,10.6,['SMALL FORWARD'],mcdankj01,1.5,HOUSTON ROCKETS,0.347,9.9,0.522,16.6,18.7,-0.1,0.2,0.043
177,Danny Green,28,9.3,2.4,1.1,2.1,13.6,4.1,0.082,79,False,2062,-1.0,2.7,0.2,10.5,['SHOOTING GUARD'],greenda02,2.0,SAN ANTONIO SPURS,0.622,8.4,0.492,11.4,14.6,1.6,4.2,0.099
447,Russ Smith,24,25.4,1.4,-1.4,1.4,14.4,0.1,0.591,15,False,66,-2.9,1.7,-0.1,10.5,['POINT GUARD'],smithru01,3.9,MEMPHIS GRIZZLIES,0.227,7.8,0.415,20.2,23.6,0.0,-0.1,-0.041
46,Anthony Bennett,22,0.0,0.0,-3.9,-1.1,22.8,0.1,0.37,19,False,84,-2.9,8.3,0.0,10.4,['POWER FORWARD'],bennean01,3.1,TORONTO RAPTORS,0.519,15.7,0.446,11.3,19.2,0.0,0.1,0.054
229,Marcelo Huertas,32,33.9,0.6,-5.0,-2.2,9.2,0.1,0.126,53,False,869,-2.7,2.2,-0.2,10.4,['POINT GUARD'],huertma01,1.5,LOS ANGELES LAKERS,0.265,5.6,0.488,24.8,16.3,-0.7,-0.1,-0.006
425,Robert Sacre,26,6.9,2.5,-4.6,-1.3,13.9,0.1,0.507,25,False,320,-3.3,10.4,0.2,10.4,['CENTER'],sacrero01,0.6,LOS ANGELES LAKERS,0.0,12.1,0.474,11.6,14.3,-0.2,0.3,0.04
467,Lance Thomas,27,6.4,0.4,-3.2,-1.5,8.0,0.5,0.312,59,False,1313,-1.7,2.9,1.2,10.4,['POWER FORWARD'],thomala01,0.9,NEW YORK KNICKS,0.285,5.4,0.557,11.6,16.9,-0.4,1.7,0.062
264,Dahntay Jones,35,7.3,3.9,-3.0,-0.3,10.7,0.1,0.0,1,False,42,-2.7,2.7,0.0,10.3,['SMALL FORWARD'],jonesda02,1.2,CLEVELAND CAVALIERS,0.143,6.7,0.464,0.0,15.1,0.0,0.1,0.096
252,Jonas Jerebko,28,7.4,1.6,-2.0,0.0,19.4,1.5,0.273,78,False,1176,-2.0,6.8,0.9,10.3,['POWER FORWARD'],jerebjo01,0.8,BOSTON CELTICS,0.378,13.0,0.531,14.0,13.5,0.0,2.4,0.097
274,Ryan Kelly,24,6.9,1.7,-3.5,-0.6,23.7,0.3,0.362,36,False,470,-2.9,4.6,-0.3,10.3,['POWER FORWARD'],kellyry01,1.4,LOS ANGELES LAKERS,0.248,13.8,0.44,9.4,17.9,-0.2,0.1,0.005
318,Ray McCallum,24,17.7,1.2,-1.7,0.5,10.8,0.4,0.149,31,False,256,-2.3,2.8,0.1,10.3,['POINT GUARD'],mccalra01,1.0,SAN ANTONIO SPURS,0.239,6.9,0.476,13.3,14.7,0.0,0.5,0.092
239,Joe Ingles,28,12.1,0.3,0.2,1.6,12.4,1.6,0.062,81,False,1241,-1.4,1.8,0.7,10.3,['SMALL FORWARD'],inglejo01,2.3,UTAH JAZZ,0.722,7.1,0.572,17.9,13.5,0.7,2.3,0.089
465,Jason Terry,38,12.4,0.6,-1.6,-0.9,5.7,0.4,0.088,72,False,1258,-0.7,1.2,1.1,10.2,['SHOOTING GUARD'],terryja01,1.8,HOUSTON ROCKETS,0.694,3.5,0.54,11.1,15.0,0.1,1.5,0.057
403,Pablo Prigioni,38,21.8,0.1,-0.4,2.1,9.9,1.1,0.054,59,False,823,-2.5,5.1,0.3,10.2,['POINT GUARD'],prigipa01,3.2,LOS ANGELES CLIPPERS,0.646,7.5,0.482,24.6,11.0,0.3,1.5,0.087
411,Andre Roberson,24,4.0,2.0,0.5,1.3,11.4,1.6,0.197,70,False,1553,-0.7,5.9,1.8,10.2,['SHOOTING GUARD'],roberan03,1.7,OKLAHOMA CITY THUNDER,0.376,8.8,0.566,10.5,9.1,1.0,3.4,0.105
362,Raul Neto,23,18.7,0.1,-2.0,0.3,8.0,1.6,0.167,81,False,1499,-2.3,1.3,0.2,10.2,['POINT GUARD'],netora01,2.2,UTAH JAZZ,0.388,4.7,0.53,19.5,17.2,0.0,1.8,0.058
475,Anthony Tolliver,30,5.6,0.9,0.4,0.5,16.1,1.3,0.142,72,False,1341,-0.1,3.1,1.5,10.2,['POWER FORWARD'],tollian01,1.0,DETROIT PISTONS,0.819,9.3,0.543,7.4,12.4,0.8,2.8,0.1
423,Brandon Rush,30,7.0,1.6,-0.8,-0.2,15.4,1.2,0.108,72,False,1055,-0.6,2.3,0.8,10.1,['SHOOTING GUARD'],rushbr01,0.9,GOLDEN STATE WARRIORS,0.604,9.2,0.56,10.8,12.5,0.3,2.0,0.09
181,Gerald Green,30,5.6,0.9,-3.1,-0.9,9.7,1.4,0.157,69,False,1557,-2.1,1.9,0.3,10.1,['SHOOTING GUARD'],greenge01,1.3,MIAMI HEAT,0.443,5.9,0.491,6.8,19.8,-0.4,1.7,0.052
258,Orlando Johnson,26,0.0,5.2,-2.4,0.8,14.2,0.1,0.353,2,False,47,-3.2,6.8,0.0,10.1,['SHOOTING GUARD'],johnsor01,2.1,PHOENIX SUNS,0.294,10.4,0.407,4.8,18.7,0.0,0.0,0.026
313,Kevin Martin,32,6.4,0.6,-3.4,-0.4,10.6,0.4,0.353,16,False,261,-3.1,1.8,0.0,10.1,['SHOOTING GUARD'],martike02,1.8,SAN ANTONIO SPURS,0.388,6.3,0.504,11.7,19.5,-0.1,0.4,0.082
134,Wayne Ellington,28,7.8,0.3,-2.8,-1.3,10.9,0.3,0.112,76,False,1615,-1.5,1.4,0.5,10.1,['SHOOTING GUARD'],ellinwa01,1.5,BROOKLYN NETS,0.478,6.1,0.498,7.1,17.5,-0.3,0.8,0.025
523,Joe Young,23,26.9,0.0,-4.7,-0.8,12.5,0.5,0.148,41,False,384,-3.9,1.7,-0.5,9.9,['POINT GUARD'],youngjo01,1.9,INDIANA PACERS,0.272,7.1,0.428,15.5,24.4,-0.3,-0.1,-0.009
356,Xavier Munford,23,14.3,1.1,-2.5,0.6,13.7,0.2,0.182,14,False,244,-3.1,1.3,-0.2,9.9,['SHOOTING GUARD'],munfoxa02,2.7,MEMPHIS GRIZZLIES,0.299,7.2,0.481,15.3,18.0,0.0,0.1,0.017
62,Corey Brewer,29,10.0,0.9,-2.9,-0.3,10.4,1.2,0.254,82,False,1669,-2.7,2.8,0.1,9.9,['SMALL FORWARD'],breweco01,2.5,HOUSTON ROCKETS,0.406,6.6,0.481,11.3,17.8,-0.4,1.2,0.035
330,Josh McRoberts,28,19.4,0.9,-1.6,1.0,15.3,0.7,0.27,42,False,595,-2.6,4.3,0.1,9.9,['POWER FORWARD'],mcrobjo01,1.6,MIAMI HEAT,0.331,10.0,0.453,15.3,15.0,0.1,0.8,0.064
354,Emmanuel Mudiay,19,29.0,1.4,-4.2,-1.9,10.9,1.2,0.231,68,False,2068,-2.3,1.7,-3.3,9.9,['POINT GUARD'],mudiaem01,1.6,DENVER NUGGETS,0.256,6.2,0.437,17.9,25.7,-1.2,-2.1,-0.049
452,Lance Stephenson,25,13.1,0.3,-1.9,0.7,14.0,0.8,0.181,43,False,680,-2.7,3.1,0.1,9.8,['SMALL FORWARD'],stephla01,1.8,LOS ANGELES CLIPPERS,0.283,8.7,0.569,21.1,15.1,0.0,0.9,0.066
52,Steve Blake,35,29.5,0.4,-2.4,-0.7,9.2,0.8,0.083,58,False,986,-1.7,1.0,0.3,9.8,['POINT GUARD'],blakest01,1.2,DETROIT PISTONS,0.629,4.9,0.51,24.6,14.6,-0.1,1.1,0.053
279,Kyle Korver,34,9.9,1.1,-1.0,0.6,10.9,2.9,0.088,80,False,2401,-1.5,0.7,1.2,9.7,['SHOOTING GUARD'],korveky01,1.2,ATLANTA HAWKS,0.644,5.9,0.578,13.3,13.7,0.6,4.1,0.082
247,Richard Jefferson,35,6.4,0.9,-1.2,0.5,9.6,1.3,0.279,74,False,1326,-1.6,1.3,1.4,9.7,['SMALL FORWARD'],jefferi01,1.3,CLEVELAND CAVALIERS,0.554,5.5,0.585,10.9,13.4,0.3,2.7,0.099
359,Shabazz Napier,24,23.1,0.1,-3.0,-1.0,8.6,0.4,0.224,55,False,600,-2.0,1.6,-0.3,9.6,['POINT GUARD'],napiesh01,1.9,ORLANDO MAGIC,0.517,5.1,0.46,17.2,19.7,-0.2,0.1,0.004
402,Ronnie Price,32,17.9,0.9,-1.8,1.4,6.8,1.0,0.136,62,False,1211,-3.2,2.2,0.4,9.6,['POINT GUARD'],pricero01,3.0,PHOENIX SUNS,0.649,4.4,0.517,17.9,13.7,0.1,1.4,0.056
116,Bryce Dejean-Jones,23,7.7,0.6,-2.5,0.0,16.5,0.2,0.304,14,False,279,-2.5,3.1,0.0,9.6,['SHOOTING GUARD'],dejeabr01,1.8,NEW ORLEANS PELICANS,0.464,9.5,0.505,12.3,14.1,0.0,0.2,0.033
361,Jameer Nelson,33,27.3,0.4,-3.0,-0.8,10.4,0.4,0.114,39,False,1036,-2.2,2.0,0.1,9.5,['POINT GUARD'],nelsoja01,1.2,DENVER NUGGETS,0.469,6.2,0.464,17.0,16.4,-0.3,0.5,0.024
86,Mario Chalmers,29,22.3,0.6,-2.0,3.2,11.9,0.2,0.406,6,False,120,-5.3,1.0,-0.1,9.5,['POINT GUARD'],chalmma01,3.4,MIAMI HEAT,0.344,6.6,0.437,19.3,17.8,0.0,0.1,0.038
45,Marco Belinelli,29,11.1,0.1,-3.8,-1.7,6.9,0.3,0.217,68,False,1672,-2.1,0.7,0.2,9.4,['SHOOTING GUARD'],belinma01,1.1,SACRAMENTO KINGS,0.468,3.8,0.5,10.3,19.7,-0.8,0.5,0.014
208,Mario Hezonja,20,11.2,1.0,-3.1,-0.7,11.8,1.0,0.129,79,False,1413,-2.4,2.2,-0.1,9.4,['SMALL FORWARD'],hezonma01,1.4,ORLANDO MAGIC,0.459,6.9,0.541,18.0,16.9,-0.4,0.9,0.029
493,Dion Waiters,24,10.0,0.5,-2.8,-0.4,8.0,1.8,0.222,78,False,2152,-2.4,1.9,0.3,9.4,['SHOOTING GUARD'],waitedi01,1.9,OKLAHOMA CITY THUNDER,0.34,5.1,0.492,13.4,17.7,-0.4,2.1,0.046
464,Garrett Temple,29,10.0,0.7,-2.1,0.4,10.3,1.7,0.248,80,False,1951,-2.5,2.0,1.0,9.3,['SMALL FORWARD'],templga01,1.7,WASHINGTON WIZARDS,0.511,6.1,0.52,10.3,14.0,0.0,2.7,0.066
427,JaKarr Sampson,22,5.1,3.0,-3.6,-0.4,10.8,0.3,0.217,26,False,469,-3.2,3.7,0.1,9.3,['SMALL FORWARD'],sampsja02,1.3,DENVER NUGGETS,0.252,7.2,0.532,13.1,13.5,-0.2,0.4,0.045
14,Alan Anderson,33,10.3,0.4,-2.3,0.1,15.5,0.2,0.254,13,False,192,-2.4,0.6,0.2,9.2,['SHOOTING GUARD'],anderal01,1.0,WASHINGTON WIZARDS,0.627,7.9,0.495,3.0,15.4,0.0,0.3,0.078
468,Hollis Thompson,24,7.4,0.8,-3.4,-1.7,11.4,0.5,0.141,77,False,2154,-1.6,2.6,0.7,9.2,['SHOOTING GUARD'],thompho01,0.8,PHILADELPHIA 76ERS,0.576,6.9,0.525,9.5,16.2,-0.7,1.2,0.026
69,Chase Budinger,27,11.4,0.4,-3.4,-1.1,9.4,0.0,0.178,17,False,200,-2.2,6.4,0.1,9.2,['SMALL FORWARD'],budinch01,0.7,PHOENIX SUNS,0.378,7.9,0.567,21.1,13.1,-0.1,0.1,0.034
451,Nik Stauskas,22,12.0,0.8,-3.8,-1.5,10.0,0.5,0.217,73,False,1809,-2.3,1.3,0.0,9.2,['SHOOTING GUARD'],stausni01,1.2,PHILADELPHIA 76ERS,0.596,5.5,0.517,13.6,16.7,-0.8,0.5,0.012
202,Udonis Haslem,35,7.6,0.6,-2.6,0.6,27.4,0.4,0.262,37,False,260,-3.2,4.5,0.0,9.1,['POWER FORWARD'],hasleud01,1.0,MIAMI HEAT,0.148,16.3,0.434,6.8,12.8,0.0,0.4,0.072
524,Nick Young,30,5.4,0.5,-3.7,-2.1,9.0,0.0,0.204,54,False,1033,-1.6,1.4,0.1,9.1,['SHOOTING GUARD'],youngni01,1.1,LOS ANGELES LAKERS,0.637,5.1,0.483,6.9,18.5,-0.5,0.1,0.003
130,Mike Dunleavy,35,8.1,1.0,-3.5,-0.9,11.0,0.5,0.197,31,False,703,-2.6,1.2,0.4,9.1,['SMALL FORWARD'],dunlemi02,1.0,CHICAGO BULLS,0.527,6.2,0.543,11.3,14.4,-0.3,0.9,0.063
286,Ty Lawson,28,22.3,0.4,-4.1,-1.5,6.5,0.4,0.279,53,False,1176,-2.6,1.9,0.0,8.9,['POINT GUARD'],lawsoty01,1.8,HOUSTON ROCKETS,0.328,4.2,0.48,20.3,14.8,-0.6,0.4,0.017
482,Beno Udrih,33,22.5,0.0,-4.0,-0.8,10.7,0.5,0.112,36,False,587,-3.2,1.2,-0.1,8.9,['POINT GUARD'],udrihbe01,1.0,MIAMI HEAT,0.217,6.1,0.495,20.8,15.7,-0.3,0.4,0.03
454,Alex Stepheson,28,0.0,13.1,-2.6,3.6,8.9,0.0,2.0,4,False,12,-6.2,9.2,0.0,8.9,['POWER FORWARD'],stephal01,0.0,LOS ANGELES CLIPPERS,0.0,9.1,0.532,0.0,7.1,0.0,0.0,0.113
123,Spencer Dinwiddie,22,20.9,0.0,-5.2,-0.6,9.3,0.1,0.611,12,False,159,-4.6,2.6,0.0,8.9,['POINT GUARD'],dinwisp01,1.0,DETROIT PISTONS,0.185,5.8,0.423,9.3,20.7,-0.1,0.1,0.028
260,Stanley Johnson,19,10.8,0.5,-3.3,0.2,16.7,1.9,0.17,73,False,1687,-3.5,3.6,-1.3,8.7,['SMALL FORWARD'],johnsst04,1.6,DETROIT PISTONS,0.342,9.9,0.46,15.0,19.6,-0.5,0.6,0.018
27,D.J. Augustin,28,16.7,0.3,-2.4,-0.4,7.6,0.3,0.281,34,False,519,-1.9,1.1,0.4,8.7,['POINT GUARD'],augusdj01,1.2,OKLAHOMA CITY THUNDER,0.504,4.5,0.522,18.1,13.6,-0.1,0.7,0.065
489,Noah Vonleh,20,3.7,1.7,-4.2,-0.3,19.8,1.1,0.183,78,False,1174,-3.9,8.4,0.0,8.6,['POWER FORWARD'],vonleno01,1.2,PORTLAND TRAIL BLAZERS,0.165,14.1,0.471,14.3,13.0,-0.6,1.2,0.047
401,Phil Pressey,24,37.0,2.2,-3.9,-0.2,4.9,0.1,0.304,9,False,113,-3.7,2.8,-0.2,8.6,['POINT GUARD'],pressph01,3.0,PHOENIX SUNS,0.217,3.8,0.422,34.9,15.1,-0.1,-0.1,-0.022
497,C.J. Watson,31,18.1,0.6,-3.0,-0.1,9.6,0.4,0.285,33,False,656,-3.0,1.7,0.2,8.6,['POINT GUARD'],watsocj01,1.4,ORLANDO MAGIC,0.35,5.6,0.461,14.0,12.1,-0.2,0.6,0.047
327,Ben McLemore,22,7.9,0.6,-3.8,-0.7,8.5,0.7,0.226,68,False,1443,-3.1,2.6,-0.4,8.6,['SHOOTING GUARD'],mclembe01,1.7,SACRAMENTO KINGS,0.407,5.6,0.531,16.5,17.6,-0.7,0.3,0.01
106,Dante Cunningham,28,5.6,1.4,-2.8,-0.5,10.4,0.7,0.199,80,False,1971,-2.3,3.1,1.5,8.6,['SMALL FORWARD'],cunnida01,1.1,NEW ORLEANS PELICANS,0.422,6.6,0.54,8.4,11.0,-0.4,2.1,0.052
272,Sergey Karasev,22,12.2,0.4,-3.8,-1.4,14.3,0.1,0.378,40,False,399,-2.3,2.2,0.2,8.5,['SMALL FORWARD'],karasse01,0.8,BROOKLYN NETS,0.5,8.2,0.562,20.3,12.1,-0.2,0.3,0.031
164,Alonzo Gee,28,6.2,0.7,-2.6,0.6,13.0,0.9,0.259,73,False,1632,-3.2,3.9,1.0,8.4,['SMALL FORWARD'],geeal01,1.9,NEW ORLEANS PELICANS,0.235,8.3,0.572,16.2,9.2,-0.2,1.9,0.056
434,Iman Shumpert,25,9.8,1.2,-1.5,1.4,14.6,1.8,0.167,54,False,1316,-3.0,2.8,-0.1,8.4,['SHOOTING GUARD'],shumpim01,2.1,CLEVELAND CAVALIERS,0.479,8.7,0.475,14.8,13.2,0.1,1.7,0.063
515,Justise Winslow,19,7.4,0.9,-2.6,0.7,15.8,2.7,0.253,78,False,2232,-3.3,4.2,-0.2,8.4,['SMALL FORWARD'],winslju01,1.6,MIAMI HEAT,0.251,10.2,0.489,15.6,12.5,-0.3,2.5,0.054
518,Metta World Peace,36,7.2,1.5,-3.5,-0.3,13.2,0.3,0.322,35,False,590,-3.2,3.4,-0.2,8.3,['SMALL FORWARD'],artesro01,1.9,LOS ANGELES LAKERS,0.475,8.1,0.435,6.9,16.2,-0.2,0.1,0.008
498,Briante Weber,23,17.6,1.7,-4.0,0.9,11.5,0.2,0.105,6,False,166,-4.9,5.3,-0.2,8.3,['POINT GUARD'],weberbr01,2.8,MEMPHIS GRIZZLIES,0.132,8.2,0.365,18.5,13.2,-0.1,0.0,-0.007
29,Jeff Ayres,28,6.9,2.2,-6.1,-0.5,18.1,0.1,0.261,17,False,107,-5.6,4.1,0.1,8.3,['CENTER'],pendeje02,0.0,LOS ANGELES CLIPPERS,0.043,11.2,0.585,19.0,13.4,-0.1,0.2,0.077
391,Paul Pierce,38,8.5,1.1,-3.3,-0.3,15.2,1.4,0.166,68,False,1231,-3.0,1.1,-0.6,8.2,['SMALL FORWARD'],piercpa01,1.3,LOS ANGELES CLIPPERS,0.61,8.2,0.489,12.0,17.8,-0.4,0.9,0.033
377,Kelly Oubre Jr.,20,2.8,0.8,-5.1,-0.5,18.4,0.7,0.232,63,False,671,-4.6,4.1,-0.3,8.2,['SMALL FORWARD'],oubreke01,1.6,WASHINGTON WIZARDS,0.374,11.1,0.507,12.8,17.4,-0.5,0.4,0.031
254,Chris Johnson,25,8.0,2.0,-2.0,1.3,14.3,1.2,0.216,70,False,857,-3.3,3.7,-0.1,8.2,['SMALL FORWARD'],johnsch04,2.0,UTAH JAZZ,0.51,9.0,0.482,15.8,13.6,0.0,1.1,0.059
276,Sean Kilpatrick,26,5.4,0.0,-3.8,-1.4,5.5,0.0,0.381,8,False,82,-2.3,2.7,0.0,8.0,['SHOOTING GUARD'],kilpase01,1.2,DENVER NUGGETS,0.81,4.1,0.551,14.0,15.2,0.0,0.1,0.037
440,Greg Smith,25,4.6,0.4,-5.5,-1.4,17.9,0.1,0.531,18,False,192,-4.1,7.4,0.1,7.9,['POWER FORWARD'],smithgr02,1.1,MINNESOTA TIMBERWOLVES,0.0,12.7,0.545,15.1,10.8,-0.2,0.2,0.045
149,Randy Foye,32,15.6,1.2,-3.7,-0.8,9.4,0.4,0.141,54,False,1070,-3.0,1.6,-0.5,7.8,['SHOOTING GUARD'],foyera01,1.2,DENVER NUGGETS,0.508,5.4,0.457,14.1,16.8,-0.5,0.0,-0.002
95,Nick Collison,35,9.6,1.7,-3.1,0.5,15.2,0.7,0.303,59,False,699,-3.6,11.2,0.1,7.7,['POWER FORWARD'],collini01,1.1,OKLAHOMA CITY THUNDER,0.018,13.3,0.498,28.8,10.6,-0.2,0.8,0.053
426,JaKarr Sampson,22,6.9,1.8,-6.7,-1.3,16.1,0.3,0.48,47,False,691,-5.4,4.6,-0.6,7.7,['SMALL FORWARD'],sampsja02,0.8,PHILADELPHIA 76ERS,0.168,10.2,0.49,17.2,18.7,-0.8,-0.3,-0.021
319,Ray McCallum,24,19.5,1.3,-4.7,-1.6,7.6,0.1,0.063,10,False,219,-3.0,1.0,-0.3,7.7,['POINT GUARD'],mccalra01,1.6,MEMPHIS GRIZZLIES,0.329,4.2,0.425,13.8,19.3,-0.1,-0.2,-0.033
315,O.J. Mayo,28,15.8,0.6,-4.0,-0.2,9.6,0.6,0.125,41,False,1090,-3.8,1.4,-0.7,7.7,['SHOOTING GUARD'],mayooj01,2.2,MILWAUKEE BUCKS,0.505,5.5,0.474,17.5,17.0,-0.6,-0.1,-0.005
446,Josh Smith,30,17.7,2.6,-5.9,-1.6,12.9,0.3,0.148,23,False,421,-4.3,4.7,-0.7,7.7,['POWER FORWARD'],smithjo03,1.9,HOUSTON ROCKETS,0.503,8.8,0.419,16.7,22.1,-0.4,-0.4,-0.04
234,R.J. Hunter,22,5.9,1.0,-2.1,1.0,12.0,0.4,0.071,36,False,315,-3.1,0.7,-0.1,7.7,['SHOOTING GUARD'],hunterj01,2.2,BOSTON CELTICS,0.643,6.2,0.48,9.8,15.1,0.0,0.3,0.045
169,Drew Gooden,34,6.0,2.9,-6.3,-1.3,21.3,0.4,0.136,30,False,305,-5.0,10.1,-0.4,7.5,['POWER FORWARD'],goodedr01,1.3,WASHINGTON WIZARDS,0.398,15.6,0.376,10.6,17.5,-0.3,0.0,-0.005
486,Greivis Vásquez,29,28.5,0.0,-6.2,-2.9,10.3,0.1,0.188,23,False,460,-3.4,1.3,-0.4,7.4,['POINT GUARD'],vasqugr01,1.1,MILWAUKEE BUCKS,0.529,5.8,0.435,21.1,18.5,-0.5,-0.3,-0.033
347,Eric Moreland,24,2.7,6.7,-4.5,-0.1,17.9,0.0,0.667,8,False,48,-4.4,6.8,0.0,7.4,['POWER FORWARD'],moreler01,0.0,SACRAMENTO KINGS,0.0,12.4,0.515,27.9,9.5,0.0,0.0,0.012
325,Mitch McGary,23,6.0,2.1,-7.3,-1.3,20.1,0.1,0.435,20,False,72,-6.0,6.4,-0.1,7.4,['POWER FORWARD'],mcgarmi01,0.7,OKLAHOMA CITY THUNDER,0.174,13.6,0.474,20.3,20.4,-0.1,0.0,-0.018
372,Johnny O'Bryant,22,5.4,0.8,-5.9,-1.7,14.7,0.4,0.191,66,False,857,-4.2,8.7,-0.2,7.4,['POWER FORWARD'],obryajo01,1.1,MILWAUKEE BUCKS,0.005,11.7,0.441,12.0,13.5,-0.8,0.3,0.014
505,Shayne Whittington,24,10.9,2.0,-7.5,0.0,18.6,0.1,0.182,7,False,41,-7.5,13.4,-0.1,7.4,['POWER FORWARD'],whittsh01,1.2,INDIANA PACERS,0.182,16.0,0.463,29.6,18.1,-0.1,0.0,-0.009
187,P.J. Hairston,23,4.7,0.6,-3.5,0.0,13.0,1.0,0.152,48,False,938,-3.5,2.1,-0.1,7.4,['SMALL FORWARD'],hairspj02,1.3,CHARLOTTE HORNETS,0.623,7.5,0.486,7.5,15.3,-0.4,0.9,0.044
316,Luc Mbah a Moute,29,3.3,1.2,-2.6,0.6,9.4,1.3,0.275,75,False,1274,-3.2,5.2,0.2,7.3,['POWER FORWARD'],mbahalu01,1.7,LOS ANGELES CLIPPERS,0.193,7.3,0.498,12.8,9.4,-0.2,1.6,0.059
217,Kirk Hinrich,35,15.0,0.1,-3.6,0.3,9.5,0.4,0.136,35,False,555,-3.9,1.4,0.2,7.3,['POINT GUARD'],hinriki01,1.2,CHICAGO BULLS,0.475,5.5,0.528,17.8,12.0,-0.2,0.6,0.048
248,John Jenkins,24,7.6,0.0,-5.7,-1.3,10.2,0.1,0.129,21,False,193,-4.3,2.3,-0.2,7.2,['SHOOTING GUARD'],jenkijo01,0.8,DALLAS MAVERICKS,0.271,6.3,0.466,12.9,20.1,-0.2,-0.1,-0.033
222,Ryan Hollins,31,0.0,1.7,-6.1,-3.2,9.5,0.0,0.0,5,False,48,-3.0,16.0,0.0,7.2,['CENTER'],holliry01,0.0,WASHINGTON WIZARDS,0.0,12.8,0.571,30.0,9.1,-0.1,0.0,0.04
114,Branden Dawson,22,0.0,2.7,-5.7,-2.0,7.4,0.0,0.2,6,False,29,-3.6,7.6,0.0,7.1,['POWER FORWARD'],dawsobr01,0.0,LOS ANGELES CLIPPERS,0.0,7.5,0.46,0.0,8.5,0.0,0.0,0.069
476,Axel Toupane,23,7.0,1.6,-4.7,-1.0,8.5,0.1,0.243,21,False,305,-3.6,2.9,0.2,7.1,['SMALL FORWARD'],toupaax01,1.2,DENVER NUGGETS,0.571,5.6,0.49,7.2,12.0,-0.2,0.3,0.049
150,Randy Foye,32,11.3,1.7,-2.3,-0.1,7.8,0.4,0.181,27,False,572,-2.2,1.6,0.0,7.1,['SHOOTING GUARD'],foyera01,1.1,OKLAHOMA CITY THUNDER,0.544,4.9,0.469,14.8,14.1,0.0,0.4,0.038
194,Justin Harper,26,0.0,0.0,-4.2,-1.9,3.2,0.0,0.2,5,False,35,-2.3,0.0,0.0,6.9,['POWER FORWARD'],harpeju01,1.4,DETROIT PISTONS,0.9,1.6,0.597,15.5,16.0,0.0,0.0,0.039
31,Cameron Bairstow,25,8.7,2.1,-7.5,-0.9,24.0,0.1,0.2,18,False,103,-6.7,4.2,-0.1,6.8,['CENTER'],bairsca01,1.0,CHICAGO BULLS,0.125,14.3,0.391,8.4,20.3,-0.1,0.0,-0.004
230,Josh Huestis,24,0.0,2.8,-2.8,-0.6,15.0,0.1,0.333,5,False,55,-2.2,4.2,0.0,6.7,['POWER FORWARD'],huestjo01,0.9,OKLAHOMA CITY THUNDER,0.5,9.9,0.509,17.9,13.0,0.0,0.0,0.01
310,Kendall Marshall,24,28.4,0.4,-7.3,-2.6,7.3,0.1,0.11,30,False,400,-4.7,0.5,-0.7,6.7,['POINT GUARD'],marshke01,2.0,PHILADELPHIA 76ERS,0.415,3.8,0.449,25.8,18.3,-0.5,-0.5,-0.064
368,Steve Novak,32,0.0,0.0,-3.6,-3.5,5.7,0.0,0.167,3,False,20,-0.2,0.0,0.0,6.7,['POWER FORWARD'],novakst01,0.0,MILWAUKEE BUCKS,1.0,2.9,0.543,0.0,14.5,0.0,0.0,0.05
11,Lou Amundson,33,8.8,2.6,-6.9,-0.2,13.7,0.2,0.509,29,False,204,-6.7,12.5,-0.3,6.7,['POWER FORWARD'],amundlo01,1.5,NEW YORK KNICKS,0.0,13.1,0.401,18.8,17.7,-0.3,-0.1,-0.014
240,Damien Inglis,20,9.0,1.6,-5.6,-0.6,21.1,0.2,0.216,20,False,156,-4.9,1.5,-0.2,6.7,['SMALL FORWARD'],inglida01,2.0,MILWAUKEE BUCKS,0.351,11.4,0.444,21.4,14.9,-0.1,-0.1,-0.024
437,Kyle Singler,27,3.2,0.7,-3.2,-0.1,9.6,0.8,0.199,68,False,977,-3.1,5.9,0.3,6.6,['SMALL FORWARD'],singlky01,1.5,OKLAHOMA CITY THUNDER,0.439,7.9,0.481,11.7,11.9,-0.3,1.1,0.054
340,Elijah Millsap,28,16.2,1.5,-3.8,2.1,19.5,0.3,0.462,20,False,173,-5.9,4.1,-0.2,6.5,['SHOOTING GUARD'],millsel01,2.1,UTAH JAZZ,0.308,11.8,0.384,16.1,14.9,-0.1,0.1,0.033
338,Mike Miller,35,14.9,0.9,-2.6,1.2,14.2,0.3,0.0,47,False,373,-3.8,1.8,0.1,6.5,['SMALL FORWARD'],millemi01,1.7,DENVER NUGGETS,0.839,7.9,0.508,21.5,9.3,0.0,0.3,0.04
389,Nikola Peković,30,10.7,0.0,-7.9,-2.8,10.3,0.0,0.4,12,False,156,-5.1,5.3,-0.1,6.5,['CENTER'],pekovni01,0.3,MINNESOTA TIMBERWOLVES,0.0,7.8,0.459,13.3,19.5,-0.2,-0.1,-0.022
448,Tony Snell,24,6.9,1.0,-4.0,-0.5,14.3,1.0,0.097,64,False,1301,-3.5,1.6,-0.5,6.4,['SMALL FORWARD'],snellto01,0.6,CHICAGO BULLS,0.457,8.1,0.478,12.8,13.7,-0.6,0.4,0.016
404,Tayshaun Prince,35,7.0,0.7,-3.0,-0.1,9.0,0.3,0.083,77,False,1462,-2.9,2.6,0.1,6.3,['SMALL FORWARD'],princta01,1.2,MINNESOTA TIMBERWOLVES,0.1,5.8,0.466,10.2,8.1,-0.4,0.4,0.014
218,Kirk Hinrich,35,23.8,1.0,-2.5,1.8,15.4,0.1,0.0,11,False,76,-4.3,1.5,-0.1,6.2,['POINT GUARD'],hinriki01,1.3,ATLANTA HAWKS,0.545,8.6,0.227,21.4,8.2,0.0,0.0,0.019
390,Kendrick Perkins,31,7.9,1.7,-5.0,0.2,21.8,0.4,0.333,37,False,542,-5.2,4.9,-0.4,6.0,['CENTER'],perkike01,1.0,NEW ORLEANS PELICANS,0.0,13.1,0.529,32.3,10.4,-0.4,-0.1,-0.007
15,James Anderson,26,7.7,1.6,-4.5,-0.6,10.9,0.4,0.163,51,False,721,-3.9,2.0,-0.6,6.0,['SHOOTING GUARD'],anderja01,1.4,SACRAMENTO KINGS,0.483,6.5,0.469,18.0,13.7,-0.5,-0.3,-0.017
343,Nazr Mohammed,38,0.0,0.0,-11.7,-3.0,16.3,0.0,0.4,5,False,19,-8.7,6.1,0.0,6.0,['CENTER'],mohamna01,0.0,OKLAHOMA CITY THUNDER,0.0,11.5,0.68,33.8,19.9,0.0,0.0,-0.009
379,Kostas Papanikolaou,25,7.8,1.4,-4.5,0.2,12.3,0.2,0.212,26,False,294,-4.7,3.0,-0.4,6.0,['SMALL FORWARD'],papanko01,2.2,DENVER NUGGETS,0.485,7.5,0.464,22.5,13.9,-0.2,-0.1,-0.022
107,Jared Cunningham,24,7.6,0.5,-5.6,0.0,8.2,0.4,0.527,40,False,355,-5.5,1.0,-0.2,5.9,['SHOOTING GUARD'],cunnija01,1.7,CLEVELAND CAVALIERS,0.352,4.6,0.464,13.8,16.6,-0.3,0.1,0.018
108,Jared Cunningham,24,2.5,0.0,-6.8,-1.5,18.5,0.0,0.5,4,False,55,-5.3,0.0,-0.1,5.8,['SHOOTING GUARD'],cunnija01,1.9,MILWAUKEE BUCKS,0.5,9.3,0.468,14.9,16.4,-0.1,0.0,-0.012
188,P.J. Hairston,23,3.8,1.0,-7.0,-2.5,12.4,0.2,0.167,18,False,375,-4.5,2.0,-0.5,5.7,['SMALL FORWARD'],hairspj02,1.1,MEMPHIS GRIZZLIES,0.523,7.0,0.438,10.7,19.0,-0.5,-0.3,-0.039
386,Adreian Payne,24,8.9,1.8,-6.2,-0.2,21.5,0.4,0.179,52,False,486,-6.1,4.8,-0.9,5.6,['POWER FORWARD'],paynead01,1.7,MINNESOTA TIMBERWOLVES,0.221,13.3,0.422,18.7,17.7,-0.5,-0.5,-0.047
422,Damjan Rudež,29,5.8,0.3,-4.8,-2.1,6.2,0.0,0.129,33,False,277,-2.7,2.1,0.1,5.5,['SMALL FORWARD'],rudezda01,0.5,MINNESOTA TIMBERWOLVES,0.806,4.2,0.572,16.6,12.7,-0.2,0.1,0.009
51,DeJuan Blair,26,7.3,0.7,-8.9,-0.7,19.4,0.3,0.191,29,False,218,-8.1,10.1,-0.3,5.4,['CENTER'],blairde01,1.8,WASHINGTON WIZARDS,0.015,14.6,0.414,16.9,17.8,-0.4,-0.1,-0.015
98,Chris Copeland,31,10.3,0.0,-6.4,-3.1,6.5,0.0,0.137,24,False,156,-3.3,0.7,-0.1,5.4,['POWER FORWARD'],copelch01,0.7,MILWAUKEE BUCKS,0.706,3.7,0.462,10.0,17.3,-0.2,-0.1,-0.017
308,Devyn Marble,23,6.6,0.3,-6.2,-0.1,14.4,0.3,0.338,28,False,249,-6.0,2.6,-0.4,5.2,['SHOOTING GUARD'],marblde01,2.6,ORLANDO MAGIC,0.451,8.5,0.368,7.9,15.7,-0.3,-0.1,-0.026
383,Lamar Patterson,24,13.6,0.4,-5.1,0.3,12.4,0.5,0.275,35,False,395,-5.4,1.1,-0.3,5.1,['SHOOTING GUARD'],pattela01,1.1,ATLANTA HAWKS,0.613,6.9,0.468,20.4,12.8,-0.3,0.2,0.025
420,Terry Rozier,21,16.5,0.3,-6.1,-1.4,13.5,0.3,0.094,39,False,311,-4.7,8.1,-0.6,5.0,['POINT GUARD'],roziete01,0.9,BOSTON CELTICS,0.255,10.8,0.326,14.7,17.7,-0.3,-0.3,-0.047
64,Anthony Brown,23,4.8,0.7,-5.5,-1.0,11.3,0.1,0.159,29,False,599,-4.5,1.6,-0.4,4.9,['SMALL FORWARD'],brownan02,1.2,LOS ANGELES LAKERS,0.556,6.3,0.427,10.0,11.0,-0.5,-0.3,-0.024
151,Tim Frazier,25,21.3,0.3,-6.8,-0.4,11.2,0.2,0.25,35,False,272,-6.3,4.4,-0.5,4.7,['POINT GUARD'],fraziti01,1.8,PORTLAND TRAIL BLAZERS,0.283,7.8,0.383,28.8,15.0,-0.3,-0.3,-0.051
220,Justin Holiday,26,5.9,1.2,-5.6,0.4,9.3,0.4,0.137,26,False,263,-6.1,1.7,-0.5,4.7,['SHOOTING GUARD'],holidju01,2.4,ATLANTA HAWKS,0.616,5.6,0.407,14.4,15.4,-0.2,-0.1,-0.021
97,Pat Connaughton,23,9.9,0.0,-8.0,-3.2,15.9,0.1,0.102,34,False,143,-4.8,8.3,-0.3,4.6,['SHOOTING GUARD'],connapa01,0.7,PORTLAND TRAIL BLAZERS,0.429,12.1,0.352,16.3,18.7,-0.2,-0.2,-0.076
65,Lorenzo Brown,25,28.0,1.3,-8.4,-1.9,12.8,0.1,0.16,8,False,61,-6.5,0.0,-0.3,4.4,['POINT GUARD'],brownlo01,2.4,PHOENIX SUNS,0.32,6.2,0.374,25.2,24.9,-0.1,-0.2,-0.157
201,Aaron Harrison,21,3.0,0.0,-6.3,0.9,13.1,0.1,0.632,21,False,93,-7.2,4.7,-0.2,4.3,['SHOOTING GUARD'],harriaa01,3.2,CHARLOTTE HORNETS,0.526,8.8,0.371,14.1,13.7,-0.1,0.0,-0.014
500,Sonny Weems,29,16.2,0.2,-6.7,-1.5,9.2,0.1,0.146,36,False,421,-5.2,1.5,-0.5,4.3,['SHOOTING GUARD'],weemsso01,1.2,PHOENIX SUNS,0.36,5.3,0.475,28.1,13.3,-0.5,-0.4,-0.043
487,Rashad Vaughn,19,5.5,1.4,-5.7,-1.3,8.7,0.4,0.056,70,False,1001,-4.4,1.3,-1.2,4.2,['SHOOTING GUARD'],vaughra01,1.5,MILWAUKEE BUCKS,0.553,5.0,0.398,9.3,13.5,-0.9,-0.8,-0.036
128,Duje Dukan,24,5.6,0.0,-7.0,-2.6,9.0,0.0,0.0,1,False,24,-4.3,9.1,0.0,4.2,['SMALL FORWARD'],dukandu01,2.0,SACRAMENTO KINGS,0.5,9.0,0.3,0.0,17.7,0.0,0.0,-0.057
522,James Young,20,6.0,0.4,-4.5,0.8,11.9,0.2,0.111,29,False,199,-5.3,2.1,-0.2,3.6,['SHOOTING GUARD'],youngja01,1.5,BOSTON CELTICS,0.722,6.9,0.384,11.7,9.1,-0.1,0.1,0.013
392,Tibor Pleiß,26,4.0,2.1,-11.6,-1.6,12.8,0.1,0.08,12,False,82,-10.0,8.6,-0.2,3.5,['CENTER'],pleisti01,0.6,UTAH JAZZ,0.08,10.7,0.464,23.6,19.1,-0.2,-0.1,-0.041
198,Joe Harris,24,18.2,0.0,-5.9,-0.9,22.5,0.0,0.0,5,False,15,-5.0,0.0,0.0,3.4,['SHOOTING GUARD'],harrijo01,0.0,CLEVELAND CAVALIERS,1.0,11.3,0.375,20.0,15.1,0.0,0.0,-0.032
511,Elliot Williams,26,12.4,0.0,-7.9,-2.6,7.9,0.0,0.4,5,False,45,-5.3,2.4,0.0,3.3,['POINT GUARD'],williel01,0.0,MEMPHIS GRIZZLIES,0.4,5.1,0.34,7.8,12.7,-0.1,0.0,-0.046
415,Nate Robinson,31,21.8,0.0,-4.6,2.0,0.0,0.0,0.0,2,False,23,-6.6,0.0,0.0,2.6,['POINT GUARD'],robinna01,2.2,NEW ORLEANS PELICANS,1.0,0.0,0.0,0.0,1.9,0.0,0.0,0.038
136,James Ennis III,25,18.0,0.0,-1.8,2.2,0.0,0.0,0.0,3,False,7,-4.0,0.0,0.0,2.4,['SMALL FORWARD'],ennisja01,0.0,MIAMI HEAT,0.0,0.0,0.0,0.0,0.0,0.0,0.0,0.07
132,Cleanthony Early,24,5.7,1.5,-8.6,-1.5,15.4,0.1,0.1,17,False,154,-7.2,2.9,-0.3,2.2,['SMALL FORWARD'],earlycl01,0.7,NEW YORK KNICKS,0.375,9.2,0.371,17.7,14.9,-0.3,-0.2,-0.075
521,Tony Wroten,22,23.3,0.0,-13.4,-5.0,14.9,0.0,0.569,8,False,144,-8.4,1.5,-0.8,1.8,['POINT GUARD'],wroteto01,1.0,PHILADELPHIA 76ERS,0.262,7.9,0.412,26.3,33.5,-0.4,-0.8,-0.263
204,Chuck Hayes,32,11.3,0.0,-8.1,0.4,37.0,0.0,1.0,2,False,24,-8.6,0.0,0.0,1.6,['CENTER'],hayesch01,0.0,HOUSTON ROCKETS,0.0,18.4,0.694,51.0,10.5,0.0,0.0,-0.016
371,J.J. O'Brien,23,0.0,0.0,-6.2,5.3,19.4,0.0,0.0,2,False,6,-11.5,0.0,0.0,1.3,['SMALL FORWARD'],obriejj01,8.8,UTAH JAZZ,0.0,9.7,0.0,0.0,7.7,0.0,0.0,-0.028
179,Erick Green,24,18.3,0.0,-8.5,-1.1,16.1,0.0,0.0,3,False,7,-7.4,0.0,0.0,0.9,['POINT GUARD'],greener01,0.0,DENVER NUGGETS,1.0,7.9,0.0,0.0,6.2,0.0,0.0,-0.082
501,Sonny Weems,29,3.9,0.0,-10.2,-2.7,15.9,0.0,0.095,7,False,78,-7.5,1.3,-0.2,0.8,['SMALL FORWARD'],weemsso01,0.0,PHILADELPHIA 76ERS,0.429,8.4,0.388,15.5,14.5,-0.2,-0.2,-0.104
153,Jimmer Fredette,26,10.7,0.0,-12.3,-1.7,0.0,0.0,0.0,4,False,13,-10.5,0.0,-0.1,-1.6,['SHOOTING GUARD'],fredeji01,3.8,NEW ORLEANS PELICANS,0.25,0.0,0.25,20.0,17.0,0.0,-0.1,-0.198
259,Orlando Johnson,26,5.1,0.0,-13.4,-4.1,10.6,0.0,0.118,5,False,54,-9.3,2.0,-0.2,-2.1,['SHOOTING GUARD'],johnsor01,0.9,NEW ORLEANS PELICANS,0.294,6.2,0.28,14.4,17.1,-0.2,-0.2,-0.185
345,Luis Montero,22,3.5,0.0,-15.5,-5.6,10.3,0.0,0.211,12,False,42,-9.8,0.0,-0.2,-2.7,['SHOOTING GUARD'],montelu01,0.0,PORTLAND TRAIL BLAZERS,0.474,5.2,0.337,16.2,25.7,-0.1,-0.2,-0.238
99,Bryce Cotton,23,12.7,0.0,-11.4,-1.2,0.0,0.0,0.0,3,False,33,-10.2,0.0,-0.2,-3.3,['POINT GUARD'],cottobr01,4.4,PHOENIX SUNS,0.375,0.0,0.25,38.5,16.8,-0.1,-0.2,-0.238
23,Keith Appling,23,5.0,0.0,-15.1,-2.0,4.2,0.0,0.25,5,False,27,-13.2,0.0,-0.1,-4.8,['POINT GUARD'],applike01,1.9,ORLANDO MAGIC,0.375,2.1,0.338,25.3,19.5,-0.1,-0.1,-0.199
76,Bruno Caboclo,20,3.2,1.9,-17.6,-3.6,2.6,0.0,0.0,6,False,43,-14.0,2.7,-0.3,-7.7,['SMALL FORWARD'],cabocbr01,2.4,TORONTO RAPTORS,0.583,2.7,0.125,25.0,16.9,-0.2,-0.3,-0.283
